datetime,speed,new_time
2012-07-01 00:00:00.000000,643.0,2012-06-20 23:58:26.890522
2012-07-01 02:00:00.000000,654.1,2012-06-21 01:58:26.890522
2012-07-01 03:00:00.000000,657.2,2012-06-21 02:58:26.890522
2012-07-01 04:00:00.000000,644.4,2012-06-21 03:58:26.890522
2012-07-01 05:00:00.000000,660.2,2012-06-21 04:58:26.890522
2012-07-01 06:00:00.000000,668.6,2012-06-21 05:58:26.890522
2012-07-01 07:00:00.000000,650.8,2012-06-21 06:58:26.890522
2012-07-01 08:00:00.000000,656.4,2012-06-21 07:58:26.890522
2012-07-01 09:00:00.000000,655.0,2012-06-21 08:58:26.890522
2012-07-01 10:00:00.000000,652.2,2012-06-21 09:58:26.890522
2012-07-01 11:00:00.000000,655.2,2012-06-21 10:58:26.890522
2012-07-01 12:00:00.000000,639.7,2012-06-21 11:58:26.890522
2012-07-01 13:00:00.000000,640.8,2012-06-21 12:58:26.890522
2012-07-01 14:00:00.000000,637.9,2012-06-21 13:58:26.890522
2012-07-01 15:00:00.000000,650.7,2012-06-21 14:58:26.890522
2012-07-01 16:00:00.000000,656.3,2012-06-21 15:58:26.890522
2012-07-01 17:00:00.000000,638.8,2012-06-21 16:58:26.890522
2012-07-01 18:00:00.000000,640.6,2012-06-21 17:58:26.890522
2012-07-01 19:00:00.000000,642.5,2012-06-21 18:58:26.890522
2012-07-01 20:00:00.000000,638.6,2012-06-21 19:58:26.890522
2012-07-01 21:00:00.000000,631.1,2012-06-21 20:58:26.890522
2012-07-01 22:00:00.000000,636.5,2012-06-21 21:58:26.890522
2012-07-01 23:00:00.000000,646.6,2012-06-21 22:58:26.890522
2012-07-02 00:00:00.000000,642.1,2012-06-21 23:58:26.890522
2012-07-02 01:00:00.000000,656.1,2012-06-22 00:58:26.890522
2012-07-02 02:00:00.000000,652.0,2012-06-22 01:58:26.890522
2012-07-02 03:00:00.000000,662.1,2012-06-22 02:58:26.890522
2012-07-02 05:00:00.000000,657.0,2012-06-22 04:58:26.890522
2012-07-02 06:00:00.000000,647.6,2012-06-22 05:58:26.890522
2012-07-02 07:00:00.000000,640.8,2012-06-22 06:58:26.890522
2012-07-02 08:00:00.000000,626.8,2012-06-22 07:58:26.890522
2012-07-02 09:00:00.000000,624.6,2012-06-22 08:58:26.890522
2012-07-02 10:00:00.000000,622.1,2012-06-22 09:58:26.890522
2012-07-02 11:00:00.000000,637.7,2012-06-22 10:58:26.890522
2012-07-02 12:00:00.000000,637.0,2012-06-22 11:58:26.890522
2012-07-02 13:00:00.000000,642.1,2012-06-22 12:58:26.890522
2012-07-02 14:00:00.000000,650.7,2012-06-22 13:58:26.890522
2012-07-02 15:00:00.000000,641.3,2012-06-22 14:58:26.890522
2012-07-02 16:00:00.000000,612.3,2012-06-22 15:58:26.890522
2012-07-02 17:00:00.000000,621.0,2012-06-22 16:58:26.890522
2012-07-02 18:00:00.000000,636.1,2012-06-22 17:58:26.890522
2012-07-02 19:00:00.000000,631.9,2012-06-22 18:58:26.890522
2012-07-02 20:00:00.000000,634.2,2012-06-22 19:58:26.890522
2012-07-02 21:00:00.000000,624.3,2012-06-22 20:58:26.890522
2012-07-02 22:00:00.000000,632.5,2012-06-22 21:58:26.890522
2012-07-02 23:00:00.000000,627.5,2012-06-22 22:58:26.890522
2012-07-03 00:00:00.000000,618.0,2012-06-22 23:58:26.890522
2012-07-03 01:00:00.000000,593.0,2012-06-23 00:58:26.890522
2012-07-03 02:00:00.000000,593.0,2012-06-23 01:58:26.890522
2012-07-03 03:00:00.000000,586.9,2012-06-23 02:58:26.890522
2012-07-03 04:00:00.000000,577.8,2012-06-23 03:58:26.890522
2012-07-03 05:00:00.000000,576.7,2012-06-23 04:58:26.890522
2012-07-03 06:00:00.000000,569.6,2012-06-23 05:58:26.890522
2012-07-03 07:00:00.000000,560.9,2012-06-23 06:58:26.890522
2012-07-03 08:00:00.000000,575.4,2012-06-23 07:58:26.890522
2012-07-03 09:00:00.000000,573.9,2012-06-23 08:58:26.890522
2012-07-03 10:00:00.000000,549.2,2012-06-23 09:58:26.890522
2012-07-03 11:00:00.000000,540.7,2012-06-23 10:58:26.890522
2012-07-03 12:00:00.000000,553.8,2012-06-23 11:58:26.890522
2012-07-03 13:00:00.000000,545.9,2012-06-23 12:58:26.890522
2012-07-03 14:00:00.000000,544.8,2012-06-23 13:58:26.890522
2012-07-03 15:00:00.000000,545.4,2012-06-23 14:58:26.890522
2012-07-03 16:00:00.000000,533.8,2012-06-23 15:58:26.890522
2012-07-03 17:00:00.000000,533.5,2012-06-23 16:58:26.890522
2012-07-03 18:00:00.000000,544.3,2012-06-23 17:58:26.890522
2012-07-03 19:00:00.000000,535.8,2012-06-23 18:58:26.890522
2012-07-03 20:00:00.000000,534.3,2012-06-23 19:58:26.890522
2012-07-03 21:00:00.000000,525.4,2012-06-23 20:58:26.890522
2012-07-03 22:00:00.000000,547.1,2012-06-23 21:58:26.890522
2012-07-03 23:00:00.000000,536.0,2012-06-23 22:58:26.890522
2012-07-04 00:00:00.000000,544.3,2012-06-23 23:58:26.890522
2012-07-04 01:00:00.000000,556.1,2012-06-24 00:58:26.890522
2012-07-04 02:00:00.000000,543.6,2012-06-24 01:58:26.890522
2012-07-04 03:00:00.000000,564.4,2012-06-24 02:58:26.890522
2012-07-04 04:00:00.000000,578.9,2012-06-24 03:58:26.890522
2012-07-04 05:00:00.000000,567.0,2012-06-24 04:58:26.890522
2012-07-04 06:00:00.000000,552.1,2012-06-24 05:58:26.890522
2012-07-04 07:00:00.000000,538.5,2012-06-24 06:58:26.890522
2012-07-04 08:00:00.000000,519.9,2012-06-24 07:58:26.890522
2012-07-04 09:00:00.000000,525.3,2012-06-24 08:58:26.890522
2012-07-04 10:00:00.000000,522.7,2012-06-24 09:58:26.890522
2012-07-04 11:00:00.000000,518.2,2012-06-24 10:58:26.890522
2012-07-04 12:00:00.000000,504.9,2012-06-24 11:58:26.890522
2012-07-04 13:00:00.000000,502.4,2012-06-24 12:58:26.890522
2012-07-04 14:00:00.000000,493.2,2012-06-24 13:58:26.890522
2012-07-04 15:00:00.000000,491.1,2012-06-24 14:58:26.890522
2012-07-04 16:00:00.000000,482.9,2012-06-24 15:58:26.890522
2012-07-04 17:00:00.000000,486.1,2012-06-24 16:58:26.890522
2012-07-04 18:00:00.000000,523.1,2012-06-24 17:58:26.890522
2012-07-04 19:00:00.000000,529.8,2012-06-24 18:58:26.890522
2012-07-04 20:00:00.000000,530.8,2012-06-24 19:58:26.890522
2012-07-04 21:00:00.000000,522.1,2012-06-24 20:58:26.890522
2012-07-04 22:00:00.000000,504.9,2012-06-24 21:58:26.890522
2012-07-04 23:00:00.000000,498.7,2012-06-24 22:58:26.890522
2012-07-05 00:00:00.000000,489.4,2012-06-24 23:58:26.890522
2012-07-05 01:00:00.000000,477.3,2012-06-25 00:58:26.890522
2012-07-05 02:00:00.000000,482.1,2012-06-25 01:58:26.890522
2012-07-05 03:00:00.000000,475.0,2012-06-25 02:58:26.890522
2012-07-05 04:00:00.000000,474.3,2012-06-25 03:58:26.890522
2012-07-05 05:00:00.000000,469.8,2012-06-25 04:58:26.890522
2012-07-05 06:00:00.000000,485.9,2012-06-25 05:58:26.890522
2012-07-05 07:00:00.000000,490.8,2012-06-25 06:58:26.890522
2012-07-05 08:00:00.000000,492.6,2012-06-25 07:58:26.890522
2012-07-05 09:00:00.000000,501.9,2012-06-25 08:58:26.890522
2012-07-05 10:00:00.000000,492.8,2012-06-25 09:58:26.890522
2012-07-05 11:00:00.000000,481.9,2012-06-25 10:58:26.890522
2012-07-05 12:00:00.000000,480.4,2012-06-25 11:58:26.890522
2012-07-05 13:00:00.000000,481.9,2012-06-25 12:58:26.890522
2012-07-05 14:00:00.000000,476.0,2012-06-25 13:58:26.890522
2012-07-05 15:00:00.000000,463.2,2012-06-25 14:58:26.890522
2012-07-05 16:00:00.000000,466.4,2012-06-25 15:58:26.890522
2012-07-05 17:00:00.000000,483.0,2012-06-25 16:58:26.890522
2012-07-05 18:00:00.000000,483.5,2012-06-25 17:58:26.890522
2012-07-05 19:00:00.000000,479.9,2012-06-25 18:58:26.890522
2012-07-05 21:00:00.000000,466.8,2012-06-25 20:58:26.890522
2012-07-05 22:00:00.000000,463.5,2012-06-25 21:58:26.890522
2012-07-05 23:00:00.000000,458.5,2012-06-25 22:58:26.890522
2012-07-06 00:00:00.000000,447.0,2012-06-25 23:58:26.890522
2012-07-06 01:00:00.000000,436.6,2012-06-26 00:58:26.890522
2012-07-06 02:00:00.000000,437.6,2012-06-26 01:58:26.890522
2012-07-06 03:00:00.000000,434.5,2012-06-26 02:58:26.890522
2012-07-06 04:00:00.000000,427.5,2012-06-26 03:58:26.890522
2012-07-06 05:00:00.000000,436.6,2012-06-26 04:58:26.890522
2012-07-06 06:00:00.000000,432.9,2012-06-26 05:58:26.890522
2012-07-06 07:00:00.000000,438.5,2012-06-26 06:58:26.890522
2012-07-06 08:00:00.000000,447.6,2012-06-26 07:58:26.890522
2012-07-06 09:00:00.000000,459.0,2012-06-26 08:58:26.890522
2012-07-06 10:00:00.000000,458.2,2012-06-26 09:58:26.890522
2012-07-06 11:00:00.000000,457.0,2012-06-26 10:58:26.890522
2012-07-06 12:00:00.000000,442.7,2012-06-26 11:58:26.890522
2012-07-06 13:00:00.000000,430.4,2012-06-26 12:58:26.890522
2012-07-06 14:00:00.000000,430.2,2012-06-26 13:58:26.890522
2012-07-06 15:00:00.000000,447.6,2012-06-26 14:58:26.890522
2012-07-06 16:00:00.000000,452.2,2012-06-26 15:58:26.890522
2012-07-06 17:00:00.000000,482.8,2012-06-26 16:58:26.890522
2012-07-06 18:00:00.000000,486.1,2012-06-26 17:58:26.890522
2012-07-06 19:00:00.000000,477.2,2012-06-26 18:58:26.890522
2012-07-06 20:00:00.000000,455.1,2012-06-26 19:58:26.890522
2012-07-06 22:00:00.000000,478.2,2012-06-26 21:58:26.890522
2012-07-06 23:00:00.000000,482.1,2012-06-26 22:58:26.890522
2012-07-07 00:00:00.000000,483.4,2012-06-26 23:58:26.890522
2012-07-07 01:00:00.000000,483.2,2012-06-27 00:58:26.890522
2012-07-07 02:00:00.000000,483.8,2012-06-27 01:58:26.890522
2012-07-07 03:00:00.000000,473.6,2012-06-27 02:58:26.890522
2012-07-07 04:00:00.000000,479.2,2012-06-27 03:58:26.890522
2012-07-07 05:00:00.000000,471.1,2012-06-27 04:58:26.890522
2012-07-07 06:00:00.000000,474.3,2012-06-27 05:58:26.890522
2012-07-07 07:00:00.000000,470.2,2012-06-27 06:58:26.890522
2012-07-07 08:00:00.000000,461.3,2012-06-27 07:58:26.890522
2012-07-07 09:00:00.000000,462.8,2012-06-27 08:58:26.890522
2012-07-07 10:00:00.000000,459.5,2012-06-27 09:58:26.890522
2012-07-07 11:00:00.000000,444.2,2012-06-27 10:58:26.890522
2012-07-07 12:00:00.000000,444.5,2012-06-27 11:58:26.890522
2012-07-07 13:00:00.000000,446.8,2012-06-27 12:58:26.890522
2012-07-07 14:00:00.000000,445.7,2012-06-27 13:58:26.890522
2012-07-07 15:00:00.000000,439.2,2012-06-27 14:58:26.890522
2012-07-07 16:00:00.000000,433.9,2012-06-27 15:58:26.890522
2012-07-07 17:00:00.000000,437.2,2012-06-27 16:58:26.890522
2012-07-07 18:00:00.000000,431.2,2012-06-27 17:58:26.890522
2012-07-07 19:00:00.000000,424.6,2012-06-27 18:58:26.890522
2012-07-07 20:00:00.000000,437.3,2012-06-27 19:58:26.890522
2012-07-07 21:00:00.000000,433.7,2012-06-27 20:58:26.890522
2012-07-07 22:00:00.000000,441.5,2012-06-27 21:58:26.890522
2012-07-07 23:00:00.000000,439.4,2012-06-27 22:58:26.890522
2012-07-08 00:00:00.000000,435.2,2012-06-27 23:58:26.890522
2012-07-08 01:00:00.000000,429.9,2012-06-28 00:58:26.890522
2012-07-08 02:00:00.000000,419.6,2012-06-28 01:58:26.890522
2012-07-08 03:00:00.000000,415.3,2012-06-28 02:58:26.890522
2012-07-08 04:00:00.000000,413.3,2012-06-28 03:58:26.890522
2012-07-08 05:00:00.000000,409.1,2012-06-28 04:58:26.890522
2012-07-08 06:00:00.000000,394.3,2012-06-28 05:58:26.890522
2012-07-08 07:00:00.000000,386.1,2012-06-28 06:58:26.890522
2012-07-08 08:00:00.000000,412.3,2012-06-28 07:58:26.890522
2012-07-08 09:00:00.000000,419.0,2012-06-28 08:58:26.890522
2012-07-08 10:00:00.000000,411.3,2012-06-28 09:58:26.890522
2012-07-08 11:00:00.000000,401.2,2012-06-28 10:58:26.890522
2012-07-08 12:00:00.000000,412.8,2012-06-28 11:58:26.890522
2012-07-08 13:00:00.000000,414.4,2012-06-28 12:58:26.890522
2012-07-08 14:00:00.000000,417.4,2012-06-28 13:58:26.890522
2012-07-08 15:00:00.000000,451.3,2012-06-28 14:58:26.890522
2012-07-08 17:00:00.000000,440.3,2012-06-28 16:58:26.890522
2012-07-08 18:00:00.000000,448.3,2012-06-28 17:58:26.890522
2012-07-08 19:00:00.000000,434.4,2012-06-28 18:58:26.890522
2012-07-08 20:00:00.000000,437.0,2012-06-28 19:58:26.890522
2012-07-08 21:00:00.000000,447.6,2012-06-28 20:58:26.890522
2012-07-08 22:00:00.000000,435.8,2012-06-28 21:58:26.890522
2012-07-08 23:00:00.000000,435.8,2012-06-28 22:58:26.890522
2012-07-09 00:00:00.000000,441.5,2012-06-28 23:58:26.890522
2012-07-09 01:00:00.000000,436.9,2012-06-29 00:58:26.890522
2012-07-09 02:00:00.000000,428.9,2012-06-29 01:58:26.890522
2012-07-09 03:00:00.000000,420.7,2012-06-29 02:58:26.890522
2012-07-09 04:00:00.000000,418.3,2012-06-29 03:58:26.890522
2012-07-09 05:00:00.000000,422.3,2012-06-29 04:58:26.890522
2012-07-09 06:00:00.000000,418.9,2012-06-29 05:58:26.890522
2012-07-09 07:00:00.000000,414.2,2012-06-29 06:58:26.890522
2012-07-09 08:00:00.000000,411.1,2012-06-29 07:58:26.890522
2012-07-09 09:00:00.000000,406.0,2012-06-29 08:58:26.890522
2012-07-09 10:00:00.000000,391.6,2012-06-29 09:58:26.890522
2012-07-09 11:00:00.000000,390.0,2012-06-29 10:58:26.890522
2012-07-09 12:00:00.000000,386.7,2012-06-29 11:58:26.890522
2012-07-09 13:00:00.000000,396.7,2012-06-29 12:58:26.890522
2012-07-09 14:00:00.000000,400.5,2012-06-29 13:58:26.890522
2012-07-09 15:00:00.000000,401.5,2012-06-29 14:58:26.890522
2012-07-09 16:00:00.000000,401.9,2012-06-29 15:58:26.890522
2012-07-09 17:00:00.000000,396.5,2012-06-29 16:58:26.890522
2012-07-09 18:00:00.000000,390.7,2012-06-29 17:58:26.890522
2012-07-09 21:00:00.000000,402.7,2012-06-29 20:58:26.890522
2012-07-09 22:00:00.000000,401.3,2012-06-29 21:58:26.890522
2012-07-09 23:00:00.000000,392.9,2012-06-29 22:58:26.890522
2012-07-10 00:00:00.000000,401.9,2012-06-29 23:58:26.890522
2012-07-10 01:00:00.000000,420.3,2012-06-30 00:58:26.890522
2012-07-10 02:00:00.000000,406.3,2012-06-30 01:58:26.890522
2012-07-10 03:00:00.000000,418.2,2012-06-30 02:58:26.890522
2012-07-10 04:00:00.000000,404.7,2012-06-30 03:58:26.890522
2012-07-10 05:00:00.000000,409.5,2012-06-30 04:58:26.890522
2012-07-10 06:00:00.000000,414.1,2012-06-30 05:58:26.890522
2012-07-10 07:00:00.000000,425.9,2012-06-30 06:58:26.890522
2012-07-10 08:00:00.000000,411.6,2012-06-30 07:58:26.890522
2012-07-10 09:00:00.000000,425.7,2012-06-30 08:58:26.890522
2012-07-10 10:00:00.000000,434.9,2012-06-30 09:58:26.890522
2012-07-10 11:00:00.000000,458.2,2012-06-30 10:58:26.890522
2012-07-10 12:00:00.000000,441.9,2012-06-30 11:58:26.890522
2012-07-10 13:00:00.000000,468.2,2012-06-30 12:58:26.890522
2012-07-10 14:00:00.000000,477.2,2012-06-30 13:58:26.890522
2012-07-10 15:00:00.000000,476.9,2012-06-30 14:58:26.890522
2012-07-10 16:00:00.000000,480.8,2012-06-30 15:58:26.890522
2012-07-10 17:00:00.000000,478.2,2012-06-30 16:58:26.890522
2012-07-10 18:00:00.000000,492.9,2012-06-30 17:58:26.890522
2012-07-10 19:00:00.000000,499.5,2012-06-30 18:58:26.890522
2012-07-10 20:00:00.000000,487.5,2012-06-30 19:58:26.890522
2012-07-10 21:00:00.000000,494.3,2012-06-30 20:58:26.890522
2012-07-10 22:00:00.000000,486.6,2012-06-30 21:58:26.890522
2012-07-10 23:00:00.000000,485.4,2012-06-30 22:58:26.890522
2012-07-11 00:00:00.000000,488.5,2012-06-30 23:58:26.890522
2012-07-11 01:00:00.000000,505.8,2012-07-01 00:58:26.890522
2012-07-11 02:00:00.000000,487.8,2012-07-01 01:58:26.890522
2012-07-11 04:00:00.000000,528.0,2012-07-01 03:58:26.890522
2012-07-11 05:00:00.000000,509.3,2012-07-01 04:58:26.890522
2012-07-11 06:00:00.000000,513.5,2012-07-01 05:58:26.890522
2012-07-11 07:00:00.000000,520.2,2012-07-01 06:58:26.890522
2012-07-11 08:00:00.000000,536.9,2012-07-01 07:58:26.890522
2012-07-11 09:00:00.000000,539.7,2012-07-01 08:58:26.890522
2012-07-11 10:00:00.000000,524.5,2012-07-01 09:58:26.890522
2012-07-11 11:00:00.000000,504.9,2012-07-01 10:58:26.890522
2012-07-11 12:00:00.000000,502.9,2012-07-01 11:58:26.890522
2012-07-11 13:00:00.000000,506.8,2012-07-01 12:58:26.890522
2012-07-11 14:00:00.000000,498.8,2012-07-01 13:58:26.890522
2012-07-11 15:00:00.000000,493.9,2012-07-01 14:58:26.890522
2012-07-11 16:00:00.000000,501.3,2012-07-01 15:58:26.890522
2012-07-11 17:00:00.000000,494.6,2012-07-01 16:58:26.890522
2012-07-11 18:00:00.000000,501.9,2012-07-01 17:58:26.890522
2012-07-11 19:00:00.000000,495.5,2012-07-01 18:58:26.890522
2012-07-11 20:00:00.000000,502.8,2012-07-01 19:58:26.890522
2012-07-11 21:00:00.000000,505.9,2012-07-01 20:58:26.890522
2012-07-11 22:00:00.000000,509.7,2012-07-01 21:58:26.890522
2012-07-11 23:00:00.000000,492.5,2012-07-01 22:58:26.890522
2012-07-12 00:00:00.000000,503.3,2012-07-01 23:58:26.890522
2012-07-12 01:00:00.000000,491.9,2012-07-02 00:58:26.890522
2012-07-12 02:00:00.000000,484.1,2012-07-02 01:58:26.890522
2012-07-12 03:00:00.000000,478.0,2012-07-02 02:58:26.890522
2012-07-12 04:00:00.000000,467.8,2012-07-02 03:58:26.890522
2012-07-12 05:00:00.000000,471.7,2012-07-02 04:58:26.890522
2012-07-12 07:00:00.000000,456.3,2012-07-02 06:58:26.890522
2012-07-12 08:00:00.000000,441.4,2012-07-02 07:58:26.890522
2012-07-12 09:00:00.000000,436.1,2012-07-02 08:58:26.890522
2012-07-12 10:00:00.000000,435.4,2012-07-02 09:58:26.890522
2012-07-12 11:00:00.000000,436.1,2012-07-02 10:58:26.890522
2012-07-12 12:00:00.000000,427.8,2012-07-02 11:58:26.890522
2012-07-12 13:00:00.000000,418.8,2012-07-02 12:58:26.890522
2012-07-12 14:00:00.000000,413.6,2012-07-02 13:58:26.890522
2012-07-12 15:00:00.000000,421.8,2012-07-02 14:58:26.890522
2012-07-12 16:00:00.000000,414.3,2012-07-02 15:58:26.890522
2012-07-12 18:00:00.000000,411.2,2012-07-02 17:58:26.890522
2012-07-12 19:00:00.000000,409.4,2012-07-02 18:58:26.890522
2012-07-12 20:00:00.000000,404.2,2012-07-02 19:58:26.890522
2012-07-12 21:00:00.000000,394.7,2012-07-02 20:58:26.890522
2012-07-12 22:00:00.000000,396.2,2012-07-02 21:58:26.890522
2012-07-12 23:00:00.000000,396.7,2012-07-02 22:58:26.890522
2012-07-13 00:00:00.000000,387.1,2012-07-02 23:58:26.890522
2012-07-13 01:00:00.000000,388.3,2012-07-03 00:58:26.890522
2012-07-13 02:00:00.000000,381.6,2012-07-03 01:58:26.890522
2012-07-13 03:00:00.000000,375.6,2012-07-03 02:58:26.890522
2012-07-13 04:00:00.000000,376.8,2012-07-03 03:58:26.890522
2012-07-13 05:00:00.000000,366.9,2012-07-03 04:58:26.890522
2012-07-13 06:00:00.000000,363.3,2012-07-03 05:58:26.890522
2012-07-13 07:00:00.000000,358.3,2012-07-03 06:58:26.890522
2012-07-13 08:00:00.000000,352.5,2012-07-03 07:58:26.890522
2012-07-13 10:00:00.000000,349.7,2012-07-03 09:58:26.890522
2012-07-13 11:00:00.000000,352.5,2012-07-03 10:58:26.890522
2012-07-13 12:00:00.000000,351.7,2012-07-03 11:58:26.890522
2012-07-13 13:00:00.000000,353.1,2012-07-03 12:58:26.890522
2012-07-13 14:00:00.000000,349.1,2012-07-03 13:58:26.890522
2012-07-13 15:00:00.000000,345.6,2012-07-03 14:58:26.890522
2012-07-13 16:00:00.000000,346.0,2012-07-03 15:58:26.890522
2012-07-13 17:00:00.000000,343.3,2012-07-03 16:58:26.890522
2012-07-13 18:00:00.000000,342.9,2012-07-03 17:58:26.890522
2012-07-13 19:00:00.000000,339.0,2012-07-03 18:58:26.890522
2012-07-13 21:00:00.000000,344.8,2012-07-03 20:58:26.890522
2012-07-13 22:00:00.000000,340.3,2012-07-03 21:58:26.890522
2012-07-13 23:00:00.000000,337.6,2012-07-03 22:58:26.890522
2012-07-14 00:00:00.000000,337.9,2012-07-03 23:58:26.890522
2012-07-14 01:00:00.000000,334.2,2012-07-04 00:58:26.890522
2012-07-14 02:00:00.000000,331.6,2012-07-04 01:58:26.890522
2012-07-14 03:00:00.000000,330.8,2012-07-04 02:58:26.890522
2012-07-14 04:00:00.000000,334.6,2012-07-04 03:58:26.890522
2012-07-14 05:00:00.000000,329.0,2012-07-04 04:58:26.890522
2012-07-14 06:00:00.000000,326.7,2012-07-04 05:58:26.890522
2012-07-14 07:00:00.000000,328.6,2012-07-04 06:58:26.890522
2012-07-14 08:00:00.000000,318.7,2012-07-04 07:58:26.890522
2012-07-14 09:00:00.000000,315.8,2012-07-04 08:58:26.890522
2012-07-14 10:00:00.000000,341.8,2012-07-04 09:58:26.890522
2012-07-14 11:00:00.000000,341.5,2012-07-04 10:58:26.890522
2012-07-14 12:00:00.000000,349.3,2012-07-04 11:58:26.890522
2012-07-14 13:00:00.000000,349.1,2012-07-04 12:58:26.890522
2012-07-14 14:00:00.000000,364.8,2012-07-04 13:58:26.890522
2012-07-14 15:00:00.000000,365.1,2012-07-04 14:58:26.890522
2012-07-14 16:00:00.000000,372.6,2012-07-04 15:58:26.890522
2012-07-14 17:00:00.000000,497.5,2012-07-04 16:58:26.890522
2012-07-14 18:00:00.000000,615.1,2012-07-04 17:58:26.890522
2012-07-14 19:00:00.000000,604.0,2012-07-04 18:58:26.890522
2012-07-14 20:00:00.000000,590.6,2012-07-04 19:58:26.890522
2012-07-14 21:00:00.000000,569.1,2012-07-04 20:58:26.890522
2012-07-14 22:00:00.000000,620.0,2012-07-04 21:58:26.890522
2012-07-14 23:00:00.000000,664.0,2012-07-04 22:58:26.890522
2012-07-15 00:00:00.000000,650.2,2012-07-04 23:58:26.890522
2012-07-15 01:00:00.000000,621.5,2012-07-05 00:58:26.890522
2012-07-15 02:00:00.000000,648.0,2012-07-05 01:58:26.890522
2012-07-15 03:00:00.000000,652.8,2012-07-05 02:58:26.890522
2012-07-15 05:00:00.000000,597.6,2012-07-05 04:58:26.890522
2012-07-15 06:00:00.000000,564.7,2012-07-05 05:58:26.890522
2012-07-15 07:00:00.000000,606.0,2012-07-05 06:58:26.890522
2012-07-15 08:00:00.000000,606.5,2012-07-05 07:58:26.890522
2012-07-15 09:00:00.000000,596.0,2012-07-05 08:58:26.890522
2012-07-15 10:00:00.000000,584.0,2012-07-05 09:58:26.890522
2012-07-15 11:00:00.000000,580.6,2012-07-05 10:58:26.890522
2012-07-15 12:00:00.000000,566.2,2012-07-05 11:58:26.890522
2012-07-15 13:00:00.000000,559.1,2012-07-05 12:58:26.890522
2012-07-15 14:00:00.000000,558.9,2012-07-05 13:58:26.890522
2012-07-15 15:00:00.000000,553.4,2012-07-05 14:58:26.890522
2012-07-15 16:00:00.000000,548.8,2012-07-05 15:58:26.890522
2012-07-15 17:00:00.000000,541.8,2012-07-05 16:58:26.890522
2012-07-15 18:00:00.000000,533.5,2012-07-05 17:58:26.890522
2012-07-15 19:00:00.000000,520.7,2012-07-05 18:58:26.890522
2012-07-15 20:00:00.000000,510.3,2012-07-05 19:58:26.890522
2012-07-15 21:00:00.000000,511.7,2012-07-05 20:58:26.890522
2012-07-15 22:00:00.000000,508.3,2012-07-05 21:58:26.890522
2012-07-15 23:00:00.000000,501.6,2012-07-05 22:58:26.890522
2012-07-16 00:00:00.000000,482.7,2012-07-05 23:58:26.890522
2012-07-16 01:00:00.000000,496.5,2012-07-06 00:58:26.890522
2012-07-16 02:00:00.000000,491.4,2012-07-06 01:58:26.890522
2012-07-16 03:00:00.000000,474.6,2012-07-06 02:58:26.890522
2012-07-16 04:00:00.000000,476.2,2012-07-06 03:58:26.890522
2012-07-16 05:00:00.000000,466.8,2012-07-06 04:58:26.890522
2012-07-16 06:00:00.000000,467.2,2012-07-06 05:58:26.890522
2012-07-16 08:00:00.000000,453.4,2012-07-06 07:58:26.890522
2012-07-16 09:00:00.000000,421.2,2012-07-06 08:58:26.890522
2012-07-16 10:00:00.000000,406.0,2012-07-06 09:58:26.890522
2012-07-16 11:00:00.000000,400.4,2012-07-06 10:58:26.890522
2012-07-16 12:00:00.000000,406.9,2012-07-06 11:58:26.890522
2012-07-16 13:00:00.000000,406.0,2012-07-06 12:58:26.890522
2012-07-16 14:00:00.000000,432.4,2012-07-06 13:58:26.890522
2012-07-16 15:00:00.000000,424.8,2012-07-06 14:58:26.890522
2012-07-16 16:00:00.000000,424.1,2012-07-06 15:58:26.890522
2012-07-16 17:00:00.000000,444.6,2012-07-06 16:58:26.890522
2012-07-16 19:00:00.000000,444.9,2012-07-06 18:58:26.890522
2012-07-16 20:00:00.000000,447.8,2012-07-06 19:58:26.890522
2012-07-16 21:00:00.000000,445.9,2012-07-06 20:58:26.890522
2012-07-16 22:00:00.000000,438.6,2012-07-06 21:58:26.890522
2012-07-16 23:00:00.000000,428.2,2012-07-06 22:58:26.890522
2012-07-17 00:00:00.000000,426.9,2012-07-06 23:58:26.890522
2012-07-17 01:00:00.000000,411.6,2012-07-07 00:58:26.890522
2012-07-17 02:00:00.000000,403.3,2012-07-07 01:58:26.890522
2012-07-17 03:00:00.000000,409.9,2012-07-07 02:58:26.890522
2012-07-17 04:00:00.000000,426.7,2012-07-07 03:58:26.890522
2012-07-17 05:00:00.000000,434.9,2012-07-07 04:58:26.890522
2012-07-17 06:00:00.000000,433.2,2012-07-07 05:58:26.890522
2012-07-17 07:00:00.000000,443.0,2012-07-07 06:58:26.890522
2012-07-17 08:00:00.000000,442.4,2012-07-07 07:58:26.890522
2012-07-17 09:00:00.000000,451.2,2012-07-07 08:58:26.890522
2012-07-17 11:00:00.000000,516.2,2012-07-07 10:58:26.890522
2012-07-17 12:00:00.000000,494.9,2012-07-07 11:58:26.890522
2012-07-17 13:00:00.000000,506.0,2012-07-07 12:58:26.890522
2012-07-17 14:00:00.000000,508.0,2012-07-07 13:58:26.890522
2012-07-17 15:00:00.000000,516.3,2012-07-07 14:58:26.890522
2012-07-17 16:00:00.000000,486.2,2012-07-07 15:58:26.890522
2012-07-17 17:00:00.000000,496.9,2012-07-07 16:58:26.890522
2012-07-17 18:00:00.000000,498.1,2012-07-07 17:58:26.890522
2012-07-17 19:00:00.000000,469.7,2012-07-07 18:58:26.890522
2012-07-17 20:00:00.000000,483.1,2012-07-07 19:58:26.890522
2012-07-17 21:00:00.000000,475.4,2012-07-07 20:58:26.890522
2012-07-17 22:00:00.000000,465.1,2012-07-07 21:58:26.890522
2012-07-17 23:00:00.000000,474.4,2012-07-07 22:58:26.890522
2012-07-18 00:00:00.000000,454.9,2012-07-07 23:58:26.890522
2012-07-18 01:00:00.000000,457.0,2012-07-08 00:58:26.890522
2012-07-18 03:00:00.000000,476.6,2012-07-08 02:58:26.890522
2012-07-18 04:00:00.000000,484.3,2012-07-08 03:58:26.890522
2012-07-18 05:00:00.000000,479.8,2012-07-08 04:58:26.890522
2012-07-18 06:00:00.000000,492.5,2012-07-08 05:58:26.890522
2012-07-18 07:00:00.000000,468.8,2012-07-08 06:58:26.890522
2012-07-18 08:00:00.000000,472.7,2012-07-08 07:58:26.890522
2012-07-18 09:00:00.000000,457.1,2012-07-08 08:58:26.890522
2012-07-18 10:00:00.000000,476.3,2012-07-08 09:58:26.890522
2012-07-18 11:00:00.000000,498.4,2012-07-08 10:58:26.890522
2012-07-18 12:00:00.000000,461.9,2012-07-08 11:58:26.890522
2012-07-18 14:00:00.000000,459.3,2012-07-08 13:58:26.890522
2012-07-18 15:00:00.000000,451.8,2012-07-08 14:58:26.890522
2012-07-18 16:00:00.000000,458.9,2012-07-08 15:58:26.890522
2012-07-18 17:00:00.000000,438.8,2012-07-08 16:58:26.890522
2012-07-18 18:00:00.000000,460.2,2012-07-08 17:58:26.890522
2012-07-18 19:00:00.000000,442.9,2012-07-08 18:58:26.890522
2012-07-18 20:00:00.000000,436.0,2012-07-08 19:58:26.890522
2012-07-18 21:00:00.000000,432.1,2012-07-08 20:58:26.890522
2012-07-18 22:00:00.000000,427.1,2012-07-08 21:58:26.890522
2012-07-18 23:00:00.000000,432.7,2012-07-08 22:58:26.890522
2012-07-19 00:00:00.000000,410.7,2012-07-08 23:58:26.890522
2012-07-19 01:00:00.000000,409.0,2012-07-09 00:58:26.890522
2012-07-19 02:00:00.000000,425.3,2012-07-09 01:58:26.890522
2012-07-19 03:00:00.000000,429.0,2012-07-09 02:58:26.890522
2012-07-19 04:00:00.000000,408.3,2012-07-09 03:58:26.890522
2012-07-19 06:00:00.000000,422.8,2012-07-09 05:58:26.890522
2012-07-19 07:00:00.000000,421.2,2012-07-09 06:58:26.890522
2012-07-19 08:00:00.000000,427.1,2012-07-09 07:58:26.890522
2012-07-19 09:00:00.000000,407.3,2012-07-09 08:58:26.890522
2012-07-19 10:00:00.000000,408.5,2012-07-09 09:58:26.890522
2012-07-19 11:00:00.000000,399.7,2012-07-09 10:58:26.890522
2012-07-19 12:00:00.000000,412.1,2012-07-09 11:58:26.890522
2012-07-19 13:00:00.000000,410.6,2012-07-09 12:58:26.890522
2012-07-19 14:00:00.000000,416.7,2012-07-09 13:58:26.890522
2012-07-19 15:00:00.000000,411.6,2012-07-09 14:58:26.890522
2012-07-19 16:00:00.000000,398.4,2012-07-09 15:58:26.890522
2012-07-19 17:00:00.000000,396.2,2012-07-09 16:58:26.890522
2012-07-19 18:00:00.000000,383.9,2012-07-09 17:58:26.890522
2012-07-19 19:00:00.000000,393.2,2012-07-09 18:58:26.890522
2012-07-19 20:00:00.000000,380.6,2012-07-09 19:58:26.890522
2012-07-19 21:00:00.000000,379.0,2012-07-09 20:58:26.890522
2012-07-19 22:00:00.000000,380.0,2012-07-09 21:58:26.890522
2012-07-19 23:00:00.000000,392.2,2012-07-09 22:58:26.890522
2012-07-20 00:00:00.000000,394.7,2012-07-09 23:58:26.890522
2012-07-20 01:00:00.000000,387.3,2012-07-10 00:58:26.890522
2012-07-20 02:00:00.000000,376.0,2012-07-10 01:58:26.890522
2012-07-20 03:00:00.000000,363.5,2012-07-10 02:58:26.890522
2012-07-20 04:00:00.000000,421.1,2012-07-10 03:58:26.890522
2012-07-20 05:00:00.000000,438.7,2012-07-10 04:58:26.890522
2012-07-20 06:00:00.000000,423.9,2012-07-10 05:58:26.890522
2012-07-20 07:00:00.000000,443.8,2012-07-10 06:58:26.890522
2012-07-20 09:00:00.000000,480.1,2012-07-10 08:58:26.890522
2012-07-20 10:00:00.000000,460.4,2012-07-10 09:58:26.890522
2012-07-20 11:00:00.000000,455.1,2012-07-10 10:58:26.890522
2012-07-20 12:00:00.000000,440.8,2012-07-10 11:58:26.890522
2012-07-20 13:00:00.000000,451.2,2012-07-10 12:58:26.890522
2012-07-20 14:00:00.000000,442.1,2012-07-10 13:58:26.890522
2012-07-20 15:00:00.000000,438.5,2012-07-10 14:58:26.890522
2012-07-20 16:00:00.000000,434.7,2012-07-10 15:58:26.890522
2012-07-20 17:00:00.000000,429.7,2012-07-10 16:58:26.890522
2012-07-20 18:00:00.000000,421.8,2012-07-10 17:58:26.890522
2012-07-20 19:00:00.000000,415.8,2012-07-10 18:58:26.890522
2012-07-20 20:00:00.000000,412.9,2012-07-10 19:58:26.890522
2012-07-20 21:00:00.000000,412.6,2012-07-10 20:58:26.890522
2012-07-20 22:00:00.000000,405.1,2012-07-10 21:58:26.890522
2012-07-20 23:00:00.000000,414.3,2012-07-10 22:58:26.890522
2012-07-21 00:00:00.000000,417.9,2012-07-10 23:58:26.890522
2012-07-21 01:00:00.000000,426.9,2012-07-11 00:58:26.890522
2012-07-21 02:00:00.000000,426.7,2012-07-11 01:58:26.890522
2012-07-21 03:00:00.000000,432.7,2012-07-11 02:58:26.890522
2012-07-21 04:00:00.000000,434.7,2012-07-11 03:58:26.890522
2012-07-21 05:00:00.000000,447.9,2012-07-11 04:58:26.890522
2012-07-21 06:00:00.000000,450.4,2012-07-11 05:58:26.890522
2012-07-21 07:00:00.000000,456.2,2012-07-11 06:58:26.890522
2012-07-21 08:00:00.000000,456.8,2012-07-11 07:58:26.890522
2012-07-21 09:00:00.000000,453.0,2012-07-11 08:58:26.890522
2012-07-21 10:00:00.000000,453.3,2012-07-11 09:58:26.890522
2012-07-21 11:00:00.000000,453.1,2012-07-11 10:58:26.890522
2012-07-21 12:00:00.000000,451.5,2012-07-11 11:58:26.890522
2012-07-21 13:00:00.000000,448.0,2012-07-11 12:58:26.890522
2012-07-21 14:00:00.000000,462.7,2012-07-11 13:58:26.890522
2012-07-21 15:00:00.000000,489.3,2012-07-11 14:58:26.890522
2012-07-21 16:00:00.000000,504.3,2012-07-11 15:58:26.890522
2012-07-21 17:00:00.000000,510.7,2012-07-11 16:58:26.890522
2012-07-21 18:00:00.000000,513.7,2012-07-11 17:58:26.890522
2012-07-21 19:00:00.000000,508.7,2012-07-11 18:58:26.890522
2012-07-21 20:00:00.000000,485.0,2012-07-11 19:58:26.890522
2012-07-21 21:00:00.000000,475.2,2012-07-11 20:58:26.890522
2012-07-21 22:00:00.000000,460.8,2012-07-11 21:58:26.890522
2012-07-21 23:00:00.000000,460.6,2012-07-11 22:58:26.890522
2012-07-22 00:00:00.000000,457.0,2012-07-11 23:58:26.890522
2012-07-22 01:00:00.000000,469.8,2012-07-12 00:58:26.890522
2012-07-22 02:00:00.000000,472.2,2012-07-12 01:58:26.890522
2012-07-22 03:00:00.000000,478.5,2012-07-12 02:58:26.890522
2012-07-22 04:00:00.000000,493.2,2012-07-12 03:58:26.890522
2012-07-22 05:00:00.000000,489.5,2012-07-12 04:58:26.890522
2012-07-22 06:00:00.000000,476.9,2012-07-12 05:58:26.890522
2012-07-22 07:00:00.000000,483.9,2012-07-12 06:58:26.890522
2012-07-22 08:00:00.000000,477.3,2012-07-12 07:58:26.890522
2012-07-22 09:00:00.000000,483.7,2012-07-12 08:58:26.890522
2012-07-22 10:00:00.000000,489.6,2012-07-12 09:58:26.890522
2012-07-22 11:00:00.000000,498.4,2012-07-12 10:58:26.890522
2012-07-22 12:00:00.000000,493.6,2012-07-12 11:58:26.890522
2012-07-22 13:00:00.000000,483.0,2012-07-12 12:58:26.890522
2012-07-22 14:00:00.000000,478.8,2012-07-12 13:58:26.890522
2012-07-22 15:00:00.000000,478.3,2012-07-12 14:58:26.890522
2012-07-22 16:00:00.000000,473.7,2012-07-12 15:58:26.890522
2012-07-22 17:00:00.000000,475.3,2012-07-12 16:58:26.890522
2012-07-22 18:00:00.000000,476.4,2012-07-12 17:58:26.890522
2012-07-22 19:00:00.000000,469.9,2012-07-12 18:58:26.890522
2012-07-22 20:00:00.000000,464.8,2012-07-12 19:58:26.890522
2012-07-22 21:00:00.000000,465.1,2012-07-12 20:58:26.890522
2012-07-22 22:00:00.000000,454.3,2012-07-12 21:58:26.890522
2012-07-22 23:00:00.000000,450.2,2012-07-12 22:58:26.890522
2012-07-23 04:01:09.918924,457.52328588832233,2012-07-13 03:59:36.809446
2012-07-23 04:32:51.819533,457.63390266492297,2012-07-13 04:31:18.710055
2012-07-23 05:04:32.614342,445.9313790512083,2012-07-13 05:02:59.504864
2012-07-23 05:36:15.620753,457.8551362181233,2012-07-13 05:34:42.511275
2012-07-23 06:07:56.810492,450.3715913152355,2012-07-13 06:06:23.701014
2012-07-23 06:39:37.684286,439.5128634436856,2012-07-13 06:38:04.574808
2012-07-23 07:11:19.189966,435.4045015094589,2012-07-13 07:09:46.080488
2012-07-23 07:43:01.367027,438.4684033836379,2012-07-13 07:41:28.257549
2012-07-23 08:14:43.662566,442.7979988710649,2012-07-13 08:13:10.553088
2012-07-23 08:46:25.405205,441.2210241633343,2012-07-13 08:44:52.295727
2012-07-23 09:18:07.108350,439.22215158452127,2012-07-13 09:16:33.998872
2012-07-23 09:49:48.850989,437.6451768767911,2012-07-13 09:48:15.741511
2012-07-23 10:21:31.501965,445.7718532039621,2012-07-13 10:19:58.392487
2012-07-23 10:53:14.666349,459.3832018552084,2012-07-13 10:51:41.556871
2012-07-23 11:23:30.164323,459.9950680418078,2012-07-13 11:21:57.054845
2012-07-23 11:56:39.138949,466.7766992168145,2012-07-13 11:55:06.029471
2012-07-23 12:28:23.610988,494.3575551550207,2012-07-13 12:26:50.501510
2012-07-23 13:00:02.663719,464.044647672436,2012-07-13 12:58:29.554241
2012-07-23 13:32:21.229567,486.43348325632223,2012-07-13 13:30:48.120089
2012-07-23 14:03:26.306964,462.5782897413055,2012-07-13 14:01:53.197486
2012-07-23 14:35:09.708309,478.7210256190483,2012-07-13 14:33:36.598831
2012-07-23 15:06:52.477763,488.1133955594678,2012-07-13 15:05:19.368285
2012-07-23 15:38:31.653361,459.1130592313625,2012-07-13 15:36:58.543883
2012-07-23 16:09:22.805554,471.2025587255307,2012-07-13 16:07:49.696076
2012-07-23 16:32:35.997710,485.6702274977806,2012-07-13 16:31:02.888232
2012-07-23 16:59:31.851015,662.3275051989363,2012-07-13 16:57:58.741537
2012-07-23 17:31:12.132415,645.1403092611458,2012-07-13 17:29:39.022937
2012-07-23 18:02:58.890655,697.1443641809174,2012-07-13 18:01:25.781177
2012-07-23 18:37:34.086250,701.4840157389444,2012-07-13 18:36:00.976772
2012-07-23 19:09:16.658240,708.7668963239503,2012-07-13 19:07:43.548762
2012-07-23 19:40:16.594789,788.3119819,2012-07-13 19:38:43.485311
2012-07-23 19:51:53.346018,843.3797428,2012-07-13 19:50:20.236540
2012-07-23 20:24:28.765193,887.4911536275281,2012-07-13 20:22:55.655715
2012-07-23 20:43:23.189786,1000.519673068818,2012-07-13 20:41:50.080308
2012-07-23 20:45:03.867142,1152.513409161657,2012-07-13 20:43:30.757664
2012-07-23 20:45:13.424432,1254.6126939636674,2012-07-13 20:43:40.314954
2012-07-23 20:45:22.981721,1356.7119787656782,2012-07-13 20:43:49.872243
2012-07-23 20:48:29.348866,1500.5892088754752,2012-07-13 20:46:56.239388
2012-07-23 20:51:33.109478,1616.621179493815,2012-07-13 20:50:00.000000
2012-07-23 20:51:42.666767,1718.7204642958254,2012-07-13 20:50:09.557289
2012-07-23 20:51:52.224057,1820.819749097836,2012-07-13 20:50:19.114579
2012-07-23 20:52:01.781346,1922.9190338998465,2012-07-13 20:50:28.671868
2012-07-23 20:58:24.159811,2313.700954237833,2012-07-13 20:56:51.050333
2012-07-23 21:02:43.423010,2004.9447257724487,2012-07-13 21:01:10.313532
2012-07-23 21:02:52.111455,2097.762257410641,2012-07-13 21:01:19.001977
2012-07-23 21:09:16.068320,2197.562892074663,2012-07-13 21:07:42.958842
2012-07-23 21:37:58.940888,1992.2702676987717,2012-07-13 21:36:25.831410
2012-07-23 21:58:21.523578,1955.6364595970144,2012-07-13 21:56:48.414100
2012-07-23 22:20:43.091889,1818.8093729837155,2012-07-13 22:19:09.982411
2012-07-23 22:21:34.932945,1756.934370581787,2012-07-13 22:20:01.823467
2012-07-23 22:55:21.295529,1752.6691999709064,2012-07-13 22:53:48.186051
2012-07-23 23:25:14.445770,1617.157503259149,2012-07-13 23:23:41.336292
2012-07-23 23:41:06.533847,1585.3898973731789,2012-07-13 23:39:33.424369
2012-07-24 00:10:22.083807,1605.248769252251,2012-07-14 00:08:48.974329
2012-07-24 00:42:03.178762,1596.7526694587643,2012-07-14 00:40:30.069284
2012-07-24 01:13:39.826812,1540.750869381367,2012-07-14 01:12:06.717334
2012-07-24 01:45:18.015087,1501.2030862761949,2012-07-14 01:43:44.905609
2012-07-24 02:06:50.243562,1452.971200566727,2012-07-14 02:05:17.134084
2012-07-24 02:27:59.886029,1348.1618047380105,2012-07-14 02:26:26.776551
2012-07-24 02:55:42.159324,1374.2472518744644,2012-07-14 02:54:09.049846
2012-07-24 03:22:24.656122,1500.571610751925,2012-07-14 03:20:51.546644
2012-07-24 03:54:54.884233,1462.8410053135883,2012-07-14 03:53:21.774755
2012-07-24 04:26:35.284112,1446.919502989046,2012-07-14 04:25:02.174634
2012-07-24 04:58:12.879992,1401.0432518176333,2012-07-14 04:56:39.770514
2012-07-24 05:29:52.687477,1378.793281426851,2012-07-14 05:28:19.577999
2012-07-24 06:01:33.166342,1363.7155748444743,2012-07-14 06:00:00.056864
2012-07-24 06:33:15.501374,1368.467068202984,2012-07-14 06:31:42.391896
2012-07-24 07:04:54.795451,1340.7324254881269,2012-07-14 07:03:21.685973
2012-07-24 07:36:32.233360,1293.1685828323834,2012-07-14 07:34:59.123882
2012-07-24 08:08:15.200279,1304.670442128216,2012-07-14 08:06:42.090801
2012-07-24 08:39:05.068951,1303.0482608121974,2012-07-14 08:37:31.959473
2012-07-24 09:11:35.881558,1271.561743865884,2012-07-14 09:10:02.772080
2012-07-24 09:43:16.755351,1260.7030159943347,2012-07-14 09:41:43.645873
2012-07-24 10:15:47.733828,1230.988470106569,2012-07-14 10:14:14.624350
2012-07-24 10:46:35.975392,1211.9840965019432,2012-07-14 10:45:02.865914
2012-07-24 11:18:16.217299,1194.3750026930704,2012-07-14 11:16:43.107821
2012-07-24 11:49:57.959937,1192.7980279853398,2012-07-14 11:48:24.850459
2012-07-24 12:21:39.821054,1192.4867468908576,2012-07-14 12:20:06.711576
2012-07-24 12:53:19.154624,1165.174002047083,2012-07-14 12:51:46.045146
2012-07-24 13:24:58.725144,1140.3926444298045,2012-07-14 13:23:25.615666
2012-07-24 13:56:40.072860,1134.596691011247,2012-07-14 13:55:06.963382
2012-07-24 14:28:21.341583,1127.9569418505243,2012-07-14 14:26:48.232105
2012-07-24 15:00:01.978420,1114.5668267524786,2012-07-14 14:58:28.868942
2012-07-24 15:31:43.879030,1114.6774435290788,2012-07-14 15:30:10.769552
2012-07-24 16:03:25.424204,1110.9909794659347,2012-07-14 16:01:52.314726
2012-07-24 16:35:03.493999,1070.1775027475142,2012-07-14 16:33:30.384521
2012-07-24 17:06:42.195682,1036.1143919664164,2012-07-14 17:05:09.086204
2012-07-24 17:41:40.206908,1020.3249245428694,2012-07-14 17:40:07.097430
2012-07-24 18:07:09.959353,1002.808127468559,2012-07-14 18:05:36.849875
2012-07-24 18:44:35.939937,984.5628602236466,2012-07-14 18:43:02.830459
2012-07-24 19:19:31.834765,979.1473805217116,2012-07-14 19:17:58.725287
2012-07-24 20:02:25.189265,994.9599230358316,2012-07-14 20:00:52.079787
2012-07-24 20:51:22.897327,978.1143287690302,2012-07-14 20:49:49.787849
2012-07-24 21:54:46.593233,977.2105013326766,2012-07-14 21:53:13.483755
2012-07-24 22:26:07.698620,960.3972083835604,2012-07-14 22:24:34.589142
2012-07-24 23:02:26.374473,941.4448673260544,2012-07-14 23:00:53.264995
2012-07-25 00:21:07.530677,952.2387183057637,2012-07-15 00:19:34.421199
2012-07-25 00:53:22.012956,931.0033140196996,2012-07-15 00:51:48.903478
2012-07-25 01:25:03.044722,921.8321776324806,2012-07-15 01:23:29.935244
2012-07-25 01:56:43.931688,911.1140823846254,2012-07-15 01:55:10.822210
2012-07-25 02:26:15.433212,903.4823628050927,2012-07-15 02:24:42.323734
2012-07-25 03:00:09.378439,928.9143938996044,2012-07-15 02:58:36.268961
2012-07-25 03:31:46.816348,881.3505512438608,2012-07-15 03:30:13.706870
2012-07-25 04:03:26.860791,861.6319681,2012-07-15 04:01:53.751313
2012-07-25 04:31:17.543449,854.4162803299414,2012-07-15 04:29:44.433971
2012-07-25 05:06:49.003308,844.133491,2012-07-15 05:05:15.893830
2012-07-25 05:38:30.982904,845.0879035660678,2012-07-15 05:36:57.873426
2012-07-25 06:10:12.804528,844.3547246005023,2012-07-15 06:08:39.695050
2012-07-25 06:41:05.141509,842.7146056,2012-07-15 06:39:32.032031
2012-07-25 07:30:51.833970,821.4319116677552,2012-07-15 07:29:18.724492
2012-07-25 08:01:25.099814,827.1497477015155,2012-07-15 07:59:51.990336
2012-07-25 08:34:17.254416,838.9509579353462,2012-07-15 08:32:44.144938
2012-07-25 09:05:57.180364,817.9666811578118,2012-07-15 09:04:24.070886
2012-07-25 09:37:36.790384,793.6072214116161,2012-07-15 09:36:03.680906
2012-07-25 13:00:00.000000,448.8,2012-07-15 12:58:26.890522
2012-07-25 14:00:00.000000,440.1,2012-07-15 13:58:26.890522
2012-07-25 15:00:00.000000,443.7,2012-07-15 14:58:26.890522
2012-07-25 16:00:00.000000,444.7,2012-07-15 15:58:26.890522
2012-07-25 17:00:00.000000,438.5,2012-07-15 16:58:26.890522
2012-07-25 18:00:00.000000,432.8,2012-07-15 17:58:26.890522
2012-07-25 19:00:00.000000,429.5,2012-07-15 18:58:26.890522
2012-07-25 20:00:00.000000,429.5,2012-07-15 19:58:26.890522
2012-07-25 21:00:00.000000,424.3,2012-07-15 20:58:26.890522
2012-07-25 22:00:00.000000,425.6,2012-07-15 21:58:26.890522
2012-07-25 23:00:00.000000,420.1,2012-07-15 22:58:26.890522
2012-07-26 00:00:00.000000,415.8,2012-07-15 23:58:26.890522
2012-07-26 01:00:00.000000,414.3,2012-07-16 00:58:26.890522
2012-07-26 02:00:00.000000,418.0,2012-07-16 01:58:26.890522
2012-07-26 03:00:00.000000,415.4,2012-07-16 02:58:26.890522
2012-07-26 05:00:00.000000,418.0,2012-07-16 04:58:26.890522
2012-07-26 06:00:00.000000,411.9,2012-07-16 05:58:26.890522
2012-07-26 07:00:00.000000,407.0,2012-07-16 06:58:26.890522
2012-07-26 08:00:00.000000,396.6,2012-07-16 07:58:26.890522
2012-07-26 09:00:00.000000,378.4,2012-07-16 08:58:26.890522
2012-07-26 10:00:00.000000,372.0,2012-07-16 09:58:26.890522
2012-07-26 11:00:00.000000,337.1,2012-07-16 10:58:26.890522
2012-07-26 12:00:00.000000,334.2,2012-07-16 11:58:26.890522
2012-07-26 13:00:00.000000,339.8,2012-07-16 12:58:26.890522
2012-07-26 14:00:00.000000,354.5,2012-07-16 13:58:26.890522
2012-07-26 15:00:00.000000,363.9,2012-07-16 14:58:26.890522
2012-07-26 16:00:00.000000,352.1,2012-07-16 15:58:26.890522
2012-07-26 17:00:00.000000,349.2,2012-07-16 16:58:26.890522
2012-07-26 18:00:00.000000,343.9,2012-07-16 17:58:26.890522
2012-07-26 19:00:00.000000,342.0,2012-07-16 18:58:26.890522
2012-07-26 20:00:00.000000,340.2,2012-07-16 19:58:26.890522
2012-07-26 21:00:00.000000,349.2,2012-07-16 20:58:26.890522
2012-07-26 22:00:00.000000,339.6,2012-07-16 21:58:26.890522
2012-07-26 23:00:00.000000,342.1,2012-07-16 22:58:26.890522
2012-07-27 00:00:00.000000,332.7,2012-07-16 23:58:26.890522
2012-07-27 01:00:00.000000,338.6,2012-07-17 00:58:26.890522
2012-07-27 02:00:00.000000,351.0,2012-07-17 01:58:26.890522
2012-07-27 03:00:00.000000,345.4,2012-07-17 02:58:26.890522
2012-07-27 04:00:00.000000,345.9,2012-07-17 03:58:26.890522
2012-07-27 05:00:00.000000,343.3,2012-07-17 04:58:26.890522
2012-07-27 06:00:00.000000,341.4,2012-07-17 05:58:26.890522
2012-07-27 07:00:00.000000,337.9,2012-07-17 06:58:26.890522
2012-07-27 08:00:00.000000,327.0,2012-07-17 07:58:26.890522
2012-07-27 09:00:00.000000,326.8,2012-07-17 08:58:26.890522
2012-07-27 10:00:00.000000,329.2,2012-07-17 09:58:26.890522
2012-07-27 11:00:00.000000,330.1,2012-07-17 10:58:26.890522
2012-07-27 12:00:00.000000,327.8,2012-07-17 11:58:26.890522
2012-07-27 13:00:00.000000,328.6,2012-07-17 12:58:26.890522
2012-07-27 14:00:00.000000,324.5,2012-07-17 13:58:26.890522
2012-07-27 15:00:00.000000,322.8,2012-07-17 14:58:26.890522
2012-07-27 16:00:00.000000,326.0,2012-07-17 15:58:26.890522
2012-07-27 17:00:00.000000,324.8,2012-07-17 16:58:26.890522
2012-07-27 18:00:00.000000,325.6,2012-07-17 17:58:26.890522
2012-07-27 19:00:00.000000,331.9,2012-07-17 18:58:26.890522
2012-07-27 20:00:00.000000,357.1,2012-07-17 19:58:26.890522
2012-07-27 21:00:00.000000,373.5,2012-07-17 20:58:26.890522
2012-07-27 22:00:00.000000,350.4,2012-07-17 21:58:26.890522
2012-07-27 23:00:00.000000,354.1,2012-07-17 22:58:26.890522
2012-07-28 00:00:00.000000,367.0,2012-07-17 23:58:26.890522
2012-07-28 01:00:00.000000,352.2,2012-07-18 00:58:26.890522
2012-07-28 02:00:00.000000,358.6,2012-07-18 01:58:26.890522
2012-07-28 03:00:00.000000,361.7,2012-07-18 02:58:26.890522
2012-07-28 04:00:00.000000,374.4,2012-07-18 03:58:26.890522
2012-07-28 05:00:00.000000,380.1,2012-07-18 04:58:26.890522
2012-07-28 06:00:00.000000,352.9,2012-07-18 05:58:26.890522
2012-07-28 07:00:00.000000,346.0,2012-07-18 06:58:26.890522
2012-07-28 08:00:00.000000,349.2,2012-07-18 07:58:26.890522
2012-07-28 09:00:00.000000,353.2,2012-07-18 08:58:26.890522
2012-07-28 10:00:00.000000,353.0,2012-07-18 09:58:26.890522
2012-07-28 11:00:00.000000,327.6,2012-07-18 10:58:26.890522
2012-07-28 12:00:00.000000,321.1,2012-07-18 11:58:26.890522
2012-07-28 13:00:00.000000,315.9,2012-07-18 12:58:26.890522
2012-07-28 14:00:00.000000,313.3,2012-07-18 13:58:26.890522
2012-07-28 15:00:00.000000,317.9,2012-07-18 14:58:26.890522
2012-07-28 16:00:00.000000,312.1,2012-07-18 15:58:26.890522
2012-07-28 17:00:00.000000,330.0,2012-07-18 16:58:26.890522
2012-07-28 18:00:00.000000,324.6,2012-07-18 17:58:26.890522
2012-07-28 19:00:00.000000,335.3,2012-07-18 18:58:26.890522
2012-07-28 20:00:00.000000,325.9,2012-07-18 19:58:26.890522
2012-07-28 22:00:00.000000,362.1,2012-07-18 21:58:26.890522
2012-07-28 23:00:00.000000,365.9,2012-07-18 22:58:26.890522
2012-07-29 00:00:00.000000,385.9,2012-07-18 23:58:26.890522
2012-07-29 01:00:00.000000,368.9,2012-07-19 00:58:26.890522
2012-07-29 02:00:00.000000,374.5,2012-07-19 01:58:26.890522
2012-07-29 03:00:00.000000,386.9,2012-07-19 02:58:26.890522
2012-07-29 04:00:00.000000,389.6,2012-07-19 03:58:26.890522
2012-07-29 05:00:00.000000,394.0,2012-07-19 04:58:26.890522
2012-07-29 06:00:00.000000,396.7,2012-07-19 05:58:26.890522
2012-07-29 07:00:00.000000,401.6,2012-07-19 06:58:26.890522
2012-07-29 08:00:00.000000,401.7,2012-07-19 07:58:26.890522
2012-07-29 09:00:00.000000,423.8,2012-07-19 08:58:26.890522
2012-07-29 10:00:00.000000,419.4,2012-07-19 09:58:26.890522
2012-07-29 11:00:00.000000,410.1,2012-07-19 10:58:26.890522
2012-07-29 12:00:00.000000,415.6,2012-07-19 11:58:26.890522
2012-07-29 13:00:00.000000,410.4,2012-07-19 12:58:26.890522
2012-07-29 14:00:00.000000,409.6,2012-07-19 13:58:26.890522
2012-07-29 15:00:00.000000,413.7,2012-07-19 14:58:26.890522
2012-07-29 16:00:00.000000,392.4,2012-07-19 15:58:26.890522
2012-07-29 17:00:00.000000,391.4,2012-07-19 16:58:26.890522
2012-07-29 18:00:00.000000,378.8,2012-07-19 17:58:26.890522
2012-07-29 19:00:00.000000,360.5,2012-07-19 18:58:26.890522
2012-07-29 20:00:00.000000,357.0,2012-07-19 19:58:26.890522
2012-07-29 21:00:00.000000,371.3,2012-07-19 20:58:26.890522
2012-07-29 22:00:00.000000,373.3,2012-07-19 21:58:26.890522
2012-07-29 23:00:00.000000,393.4,2012-07-19 22:58:26.890522
2012-07-30 00:00:00.000000,392.5,2012-07-19 23:58:26.890522
2012-07-30 01:00:00.000000,408.3,2012-07-20 00:58:26.890522
2012-07-30 02:00:00.000000,402.4,2012-07-20 01:58:26.890522
2012-07-30 03:00:00.000000,395.0,2012-07-20 02:58:26.890522
2012-07-30 04:00:00.000000,407.2,2012-07-20 03:58:26.890522
2012-07-30 05:00:00.000000,413.2,2012-07-20 04:58:26.890522
2012-07-30 06:00:00.000000,407.2,2012-07-20 05:58:26.890522
2012-07-30 07:00:00.000000,417.5,2012-07-20 06:58:26.890522
2012-07-30 08:00:00.000000,420.3,2012-07-20 07:58:26.890522
2012-07-30 09:00:00.000000,433.8,2012-07-20 08:58:26.890522
2012-07-30 10:00:00.000000,439.2,2012-07-20 09:58:26.890522
2012-07-30 11:00:00.000000,433.3,2012-07-20 10:58:26.890522
2012-07-30 12:00:00.000000,438.8,2012-07-20 11:58:26.890522
2012-07-30 13:00:00.000000,442.7,2012-07-20 12:58:26.890522
2012-07-30 14:00:00.000000,443.0,2012-07-20 13:58:26.890522
2012-07-30 15:00:00.000000,436.5,2012-07-20 14:58:26.890522
2012-07-30 17:00:00.000000,438.0,2012-07-20 16:58:26.890522
2012-07-30 18:00:00.000000,442.5,2012-07-20 17:58:26.890522
2012-07-30 19:00:00.000000,449.3,2012-07-20 18:58:26.890522
2012-07-30 20:00:00.000000,451.8,2012-07-20 19:58:26.890522
2012-07-30 21:00:00.000000,452.3,2012-07-20 20:58:26.890522
2012-07-30 22:00:00.000000,439.9,2012-07-20 21:58:26.890522
2012-07-30 23:00:00.000000,416.9,2012-07-20 22:58:26.890522
2012-07-31 00:00:00.000000,421.4,2012-07-20 23:58:26.890522
2012-07-31 01:00:00.000000,411.2,2012-07-21 00:58:26.890522
2012-07-31 02:00:00.000000,410.0,2012-07-21 01:58:26.890522
2012-07-31 03:00:00.000000,414.9,2012-07-21 02:58:26.890522
2012-07-31 04:00:00.000000,394.9,2012-07-21 03:58:26.890522
2012-07-31 05:00:00.000000,389.3,2012-07-21 04:58:26.890522
2012-07-31 06:00:00.000000,378.7,2012-07-21 05:58:26.890522
2012-07-31 07:00:00.000000,371.8,2012-07-21 06:58:26.890522
2012-07-31 08:00:00.000000,386.0,2012-07-21 07:58:26.890522
2012-07-31 09:00:00.000000,400.2,2012-07-21 08:58:26.890522
2012-07-31 10:00:00.000000,412.5,2012-07-21 09:58:26.890522
2012-07-31 11:00:00.000000,407.4,2012-07-21 10:58:26.890522
2012-07-31 12:00:00.000000,401.7,2012-07-21 11:58:26.890522
2012-07-31 13:00:00.000000,409.1,2012-07-21 12:58:26.890522
2012-07-31 14:00:00.000000,414.6,2012-07-21 13:58:26.890522
2012-07-31 15:00:00.000000,409.5,2012-07-21 14:58:26.890522
2012-07-31 16:00:00.000000,406.9,2012-07-21 15:58:26.890522
2012-07-31 17:00:00.000000,414.9,2012-07-21 16:58:26.890522
2012-07-31 18:00:00.000000,407.5,2012-07-21 17:58:26.890522
2012-07-31 19:00:00.000000,401.8,2012-07-21 18:58:26.890522
2012-07-31 20:00:00.000000,410.4,2012-07-21 19:58:26.890522
2012-07-31 21:00:00.000000,412.1,2012-07-21 20:58:26.890522
2012-07-31 22:00:00.000000,415.6,2012-07-21 21:58:26.890522
2012-07-31 23:00:00.000000,410.8,2012-07-21 22:58:26.890522
