datetime,kp
2012-07-08 06:03:32,0.901875
2012-07-08 06:13:32,0.903372
2012-07-08 06:23:33,0.904838
2012-07-08 06:33:33,0.906271
2012-07-08 06:43:33,0.907655
2012-07-08 06:53:33,0.909
2012-07-08 07:03:33,0.910295
2012-07-08 07:13:33,0.911539
2012-07-08 07:23:33,0.912726
2012-07-08 07:33:33,0.913864
2012-07-08 07:43:33,0.914938
2012-07-08 07:53:33,0.915958
2012-07-08 08:03:33,0.91692
2012-07-08 08:13:33,0.917813
2012-07-08 08:23:33,0.918635
2012-07-08 08:33:33,0.919399
2012-07-08 08:43:33,0.920086
2012-07-08 08:53:33,0.920703
2012-07-08 09:03:33,0.921251
2012-07-08 09:13:33,0.921716
2012-07-08 09:23:33,0.922109
2012-07-08 09:33:32,0.922424
2012-07-08 09:43:32,0.922663
2012-07-08 09:53:32,0.922818
2012-07-08 10:03:32,0.922892
2012-07-08 10:13:32,0.92288
2012-07-08 10:23:32,0.922791
2012-07-08 10:33:32,0.922615
2012-07-08 10:43:32,0.922353
2012-07-08 10:53:32,0.922004
2012-07-08 11:03:32,0.921563
2012-07-08 11:13:32,0.921035
2012-07-08 11:23:32,0.920417
2012-07-08 11:33:32,0.91971
2012-07-08 11:43:32,0.918911
2012-07-08 11:53:32,0.918014
2012-07-08 12:03:32,0.917032
2012-07-08 12:13:32,0.915953
2012-07-08 12:23:32,0.914786
2012-07-08 12:33:32,0.913522
2012-07-08 12:43:32,0.912168
2012-07-08 12:53:32,0.910725
2012-07-08 13:03:32,0.909185
2012-07-08 13:13:32,0.907557
2012-07-08 13:23:32,0.905845
2012-07-08 13:33:33,0.904036
2012-07-08 13:43:33,0.902149
2012-07-08 13:53:33,0.900177
2012-07-08 14:03:33,0.898117
2012-07-08 14:13:33,0.89598
2012-07-08 14:23:33,0.89377
2012-07-08 14:33:33,0.891485
2012-07-08 14:43:33,0.889129
2012-07-08 14:53:33,0.886703
2012-07-08 15:03:33,0.884217
2012-07-08 15:13:33,0.88168
2012-07-08 15:23:33,0.87908
2012-07-08 15:33:33,0.876439
2012-07-08 15:43:33,0.873752
2012-07-08 15:53:33,0.871027
2012-07-08 16:03:33,0.86827
2012-07-08 16:13:33,0.865492
2012-07-08 16:23:33,0.862694
2012-07-08 16:33:33,0.85988
2012-07-08 16:43:32,0.857071
2012-07-08 16:53:32,0.854254
2012-07-08 17:03:32,0.851446
2012-07-08 17:13:32,0.848647
2012-07-08 17:23:32,0.84587
2012-07-08 17:33:32,0.84312
2012-07-08 17:43:32,0.8404
2012-07-08 17:53:32,0.837719
2012-07-08 18:03:32,0.835084
2012-07-08 18:13:32,0.832498
2012-07-08 18:23:32,0.829963
2012-07-08 18:33:32,0.82749
2012-07-08 18:43:32,0.825081
2012-07-08 18:53:32,0.82274
2012-07-08 19:03:32,0.82047
2012-07-08 19:13:32,0.818282
2012-07-08 19:23:32,0.816171
2012-07-08 19:33:32,0.814142
2012-07-08 19:43:32,0.815317
2012-07-08 19:53:32,0.816531
2012-07-08 20:03:32,0.817669
2012-07-08 20:13:32,0.818735
2012-07-08 20:23:32,0.819722
2012-07-08 20:33:32,0.82063
2012-07-08 20:43:32,0.821456
2012-07-08 20:53:33,0.822197
2012-07-08 21:03:33,0.822856
2012-07-08 21:13:33,0.823427
2012-07-08 21:23:33,0.823913
2012-07-08 21:33:33,0.824312
2012-07-08 21:43:33,0.824626
2012-07-08 21:53:33,0.824849
2012-07-08 22:03:33,0.824986
2012-07-08 22:13:33,0.825038
2012-07-08 22:23:33,0.825001
2012-07-08 22:33:33,0.824876
2012-07-08 22:43:33,0.824665
2012-07-08 22:53:33,0.824371
2012-07-08 23:03:33,0.823991
2012-07-08 23:13:33,0.82353
2012-07-08 23:23:33,0.82299
2012-07-08 23:33:33,0.822368
2012-07-08 23:43:33,0.82167
2012-07-08 23:53:33,0.820894
2012-07-09 00:03:32,0.820053
2012-07-09 00:13:32,0.819137
2012-07-09 00:23:32,0.818154
2012-07-09 00:33:32,0.817103
2012-07-09 00:43:32,0.815991
2012-07-09 00:53:32,0.814821
2012-07-09 01:03:32,0.813597
2012-07-09 01:13:32,0.812319
2012-07-09 01:23:32,0.810988
2012-07-09 01:33:32,0.809616
2012-07-09 01:43:32,0.808196
2012-07-09 01:53:32,0.80764
2012-07-09 02:03:32,0.809195
2012-07-09 02:13:32,0.810824
2012-07-09 02:23:32,0.812512
2012-07-09 02:33:32,0.814274
2012-07-09 02:43:32,0.816093
2012-07-09 02:53:32,0.817976
2012-07-09 03:03:32,0.819912
2012-07-09 03:13:32,0.821899
2012-07-09 03:23:32,0.823936
2012-07-09 03:33:32,0.826022
2012-07-09 03:43:32,0.828149
2012-07-09 03:53:32,0.830321
2012-07-09 04:03:32,0.832521
2012-07-09 04:13:33,0.834764
2012-07-09 04:23:33,0.837028
2012-07-09 04:33:33,0.839321
2012-07-09 04:43:33,0.841629
2012-07-09 04:53:33,0.843965
2012-07-09 05:03:33,0.846308
2012-07-09 05:13:33,0.848667
2012-07-09 05:23:33,0.85103
2012-07-09 05:33:33,0.853403
2012-07-09 05:43:33,0.855772
2012-07-09 05:53:33,0.858142
2012-07-09 06:03:33,0.860502
2012-07-09 06:13:33,0.862856
2012-07-09 06:23:33,0.865201
2012-07-09 06:33:33,0.867524
2012-07-09 06:43:33,0.869833
2012-07-09 06:53:33,0.87212
2012-07-09 07:03:33,0.874377
2012-07-09 07:13:32,0.876608
2012-07-09 07:23:32,0.878805
2012-07-09 07:33:32,0.880974
2012-07-09 07:43:32,0.883103
2012-07-09 07:53:32,0.885192
2012-07-09 08:03:32,0.887238
2012-07-09 08:13:32,0.889237
2012-07-09 08:23:32,0.891191
2012-07-09 08:32:01,0.892887
2012-07-09 08:42:00,0.894746
2012-07-09 08:51:50,0.896528
2012-07-09 09:01:23,0.898219
2012-07-09 09:11:20,0.899903
2012-07-09 09:21:20,0.901534
2012-07-09 09:31:20,0.90309
2012-07-09 09:41:21,0.904593
2012-07-09 09:51:20,0.906017
2012-07-09 10:01:20,0.907378
2012-07-09 10:11:20,0.908661
2012-07-09 10:21:21,0.909879
2012-07-09 10:31:20,0.911017
2012-07-09 10:41:21,0.912073
2012-07-09 10:51:20,0.913055
2012-07-09 11:01:20,0.913958
2012-07-09 11:11:20,0.914772
2012-07-09 11:21:20,0.915504
2012-07-09 11:31:20,0.916153
2012-07-09 11:41:18,0.916721
2012-07-09 11:51:20,0.917198
2012-07-09 12:01:20,0.917584
2012-07-09 12:11:21,0.917883
2012-07-09 12:21:20,0.918097
2012-07-09 12:31:21,0.918222
2012-07-09 12:41:25,0.918251
2012-07-09 12:51:39,0.918173
2012-07-09 13:01:40,0.918032
2012-07-09 13:11:41,0.917799
2012-07-09 13:21:40,0.917489
2012-07-09 13:31:40,0.917093
2012-07-09 13:41:38,0.916621
2012-07-09 13:51:36,0.916067
2012-07-09 14:01:35,0.915435
2012-07-09 14:11:33,0.914732
2012-07-09 14:21:31,0.913951
2012-07-09 14:31:28,0.913113
2012-07-09 14:41:24,0.912204
2012-07-09 14:51:21,0.911235
2012-07-09 15:01:19,0.910199
2012-07-09 15:11:14,0.909122
2012-07-09 15:21:16,0.907966
2012-07-09 15:31:21,0.906751
2012-07-09 15:41:25,0.905497
2012-07-09 15:51:27,0.904219
2012-07-09 16:01:30,0.902901
2012-07-09 16:11:30,0.901581
2012-07-09 16:21:34,0.900223
2012-07-09 16:31:36,0.898861
2012-07-09 16:41:38,0.897508
2012-07-09 16:51:37,0.896166
2012-07-09 17:01:40,0.894825
2012-07-09 17:11:38,0.893524
2012-07-09 17:21:40,0.892243
2012-07-09 17:31:39,0.891004
2012-07-09 17:41:35,0.889823
2012-07-09 17:51:35,0.888681
2012-07-09 18:01:30,0.887614
2012-07-09 18:11:33,0.886574
2012-07-09 18:21:25,0.885651
2012-07-09 18:31:28,0.884761
2012-07-09 18:41:22,0.88398
2012-07-09 18:51:25,0.883253
2012-07-09 19:01:23,0.882632
2012-07-09 19:11:15,0.882122
2012-07-09 19:21:22,0.881653
2012-07-09 19:31:13,0.88133
2012-07-09 19:41:20,0.88106
2012-07-09 19:51:16,0.882907
2012-07-09 20:01:16,0.88614
2012-07-09 20:11:23,0.889309
2012-07-09 20:21:16,0.892359
2012-07-09 20:31:26,0.89536
2012-07-09 20:41:27,0.898248
2012-07-09 20:51:28,0.901027
2012-07-09 21:01:31,0.903707
2012-07-09 21:11:38,0.906284
2012-07-09 21:21:37,0.908725
2012-07-09 21:31:37,0.911054
2012-07-09 21:41:37,0.913255
2012-07-09 21:51:38,0.915338
2012-07-09 22:01:36,0.917288
2012-07-09 22:11:37,0.919112
2012-07-09 22:21:38,0.920801
2012-07-09 22:31:38,0.922363
2012-07-09 22:41:37,0.923787
2012-07-09 22:51:37,0.92508
2012-07-09 23:01:40,0.926239
2012-07-09 23:11:38,0.927269
2012-07-09 23:21:38,0.928177
2012-07-09 23:31:39,0.92895
2012-07-09 23:41:40,0.929603
2012-07-09 23:51:41,0.930141
2012-07-10 00:01:39,0.930563
2012-07-10 00:11:39,0.930872
2012-07-10 00:21:41,0.931076
2012-07-10 00:31:37,0.931185
2012-07-10 00:41:47,0.931173
2012-07-10 00:51:40,0.931099
2012-07-10 01:01:42,0.930924
2012-07-10 01:11:58,0.93063
2012-07-10 01:22:20,0.930245
2012-07-10 01:32:25,0.929826
2012-07-10 01:42:30,0.930801
2012-07-10 01:52:42,0.933805
2012-07-10 02:02:57,0.936903
2012-07-10 02:13:02,0.940059
2012-07-10 02:23:04,0.943292
2012-07-10 02:33:02,0.946591
2012-07-10 02:43:00,0.949973
2012-07-10 02:53:01,0.953431
2012-07-10 03:03:03,0.956972
2012-07-10 03:13:05,0.960571
2012-07-10 03:23:08,0.964241
2012-07-10 03:33:06,0.967944
2012-07-10 03:43:05,0.9717
2012-07-10 03:53:06,0.975508
2012-07-10 04:03:13,0.979379
2012-07-10 04:13:21,0.983279
2012-07-10 04:23:26,0.987199
2012-07-10 04:33:32,0.991143
2012-07-10 04:43:31,0.995066
2012-07-10 04:53:32,0.999006
2012-07-10 05:03:32,1.00294
2012-07-10 05:13:32,1.00688
2012-07-10 05:23:32,1.01079
2012-07-10 05:33:31,1.01469
2012-07-10 05:43:31,1.01857
2012-07-10 05:53:31,1.02242
2012-07-10 06:03:31,1.02623
2012-07-10 06:13:31,1.03
2012-07-10 06:23:31,1.03373
2012-07-10 06:33:31,1.0374
2012-07-10 06:43:31,1.04102
2012-07-10 06:53:31,1.04457
2012-07-10 07:03:31,1.04805
2012-07-10 07:13:31,1.05146
2012-07-10 07:23:31,1.05478
2012-07-10 07:33:31,1.05802
2012-07-10 07:43:31,1.06116
2012-07-10 07:53:31,1.0642
2012-07-10 08:03:31,1.06713
2012-07-10 08:13:30,1.06995
2012-07-10 08:23:31,1.07265
2012-07-10 08:33:29,1.07523
2012-07-10 08:43:30,1.07768
2012-07-10 08:53:29,1.07998
2012-07-10 09:03:29,1.08216
2012-07-10 09:13:28,1.08419
2012-07-10 09:23:27,1.08607
2012-07-10 09:33:27,1.08781
2012-07-10 09:43:26,1.0894
2012-07-10 09:53:26,1.09083
2012-07-10 10:03:25,1.09211
2012-07-10 10:13:26,1.09324
2012-07-10 10:23:24,1.09422
2012-07-10 10:33:26,1.09504
2012-07-10 10:43:24,1.09571
2012-07-10 10:53:26,1.09623
2012-07-10 11:03:24,1.0966
2012-07-10 11:13:26,1.09682
2012-07-10 11:23:24,1.09689
2012-07-10 11:33:26,1.09683
2012-07-10 11:43:24,1.09662
2012-07-10 11:53:25,1.09627
2012-07-10 12:03:24,1.09579
2012-07-10 12:13:25,1.09518
2012-07-10 12:23:24,1.09443
2012-07-10 12:33:25,1.09357
2012-07-10 12:43:25,1.09257
2012-07-10 12:53:26,1.09146
2012-07-10 13:03:25,1.09023
2012-07-10 13:13:26,1.08887
2012-07-10 13:23:26,1.08742
2012-07-10 13:33:26,1.08584
2012-07-10 13:43:26,1.08417
2012-07-10 13:53:27,1.0824
2012-07-10 14:03:27,1.08054
2012-07-10 14:13:27,1.07859
2012-07-10 14:23:28,1.07655
2012-07-10 14:33:27,1.07444
2012-07-10 14:43:28,1.07225
2012-07-10 14:53:25,1.07001
2012-07-10 15:03:28,1.06769
2012-07-10 15:13:25,1.06532
2012-07-10 15:23:28,1.06288
2012-07-10 15:33:24,1.06041
2012-07-10 15:43:28,1.05787
2012-07-10 15:53:24,1.05532
2012-07-10 16:03:28,1.0527
2012-07-10 16:13:24,1.05008
2012-07-10 16:23:28,1.0474
2012-07-10 16:33:24,1.04472
2012-07-10 16:43:28,1.04199
2012-07-10 16:53:25,1.03927
2012-07-10 17:03:28,1.0365
2012-07-10 17:13:26,1.03375
2012-07-10 17:23:29,1.03095
2012-07-10 17:33:26,1.02816
2012-07-10 17:43:29,1.02535
2012-07-10 17:53:27,1.02254
2012-07-10 18:03:30,1.01969
2012-07-10 18:13:28,1.01686
2012-07-10 18:23:30,1.01401
2012-07-10 18:33:29,1.01116
2012-07-10 18:43:31,1.00829
2012-07-10 18:53:31,1.00543
2012-07-10 19:03:32,1.00255
2012-07-10 19:13:32,0.999676
2012-07-10 19:23:33,0.99679
2012-07-10 19:33:33,0.993904
2012-07-10 19:43:33,0.991019
2012-07-10 19:53:33,0.988124
2012-07-10 20:03:33,0.986552
2012-07-10 20:13:32,0.98574
2012-07-10 20:23:33,0.984711
2012-07-10 20:33:32,0.983467
2012-07-10 20:43:33,0.98201
2012-07-10 20:53:33,0.980353
2012-07-10 21:03:33,0.978483
2012-07-10 21:13:33,0.976413
2012-07-10 21:23:33,0.974142
2012-07-10 21:33:33,0.971683
2012-07-10 21:43:33,0.969021
2012-07-10 21:53:33,0.966169
2012-07-10 22:03:33,0.963124
2012-07-10 22:13:33,0.959893
2012-07-10 22:23:32,0.956466
2012-07-10 22:33:32,0.952856
2012-07-10 22:43:32,0.949053
2012-07-10 22:53:32,0.945056
2012-07-10 23:03:32,0.940859
2012-07-10 23:13:32,0.936461
2012-07-10 23:23:32,0.931852
2012-07-10 23:33:32,0.927034
2012-07-10 23:43:31,0.921984
2012-07-10 23:53:31,0.916693
2012-07-11 00:03:31,0.911141
2012-07-11 00:13:31,0.905314
2012-07-11 00:23:31,0.899169
2012-07-11 00:33:31,0.892685
2012-07-11 00:43:31,0.885804
2012-07-11 00:53:31,0.878469
2012-07-11 01:03:31,0.870584
2012-07-11 01:13:31,0.862066
2012-07-11 01:23:30,0.852908
2012-07-11 01:33:30,0.843997
2012-07-11 01:43:30,0.84046
2012-07-11 01:53:30,0.84798
2012-07-11 02:03:30,0.859168
2012-07-11 02:13:30,0.86997
2012-07-11 02:23:30,0.879902
2012-07-11 02:33:30,0.889025
2012-07-11 02:43:30,0.897467
2012-07-11 02:53:30,0.905322
2012-07-11 03:03:30,0.912653
2012-07-11 03:13:30,0.919518
2012-07-11 03:23:30,0.925958
2012-07-11 03:33:30,0.932008
2012-07-11 03:43:30,0.937691
2012-07-11 03:53:30,0.94303
2012-07-11 04:03:30,0.948039
2012-07-11 04:13:30,0.952732
2012-07-11 04:23:30,0.957124
2012-07-11 04:33:30,0.961226
2012-07-11 04:43:30,0.965045
2012-07-11 04:53:30,0.968604
2012-07-11 05:03:30,0.971909
2012-07-11 05:13:30,0.974964
2012-07-11 05:23:30,0.977796
2012-07-11 05:33:30,0.980401
2012-07-11 05:43:30,0.982808
2012-07-11 05:53:30,0.985021
2012-07-11 06:03:30,0.987047
2012-07-11 06:13:30,0.988909
2012-07-11 06:23:30,0.990614
2012-07-11 06:33:30,0.992174
2012-07-11 06:43:30,0.993601
2012-07-11 06:53:30,0.994901
2012-07-11 07:03:30,0.996093
2012-07-11 07:13:30,0.997186
2012-07-11 07:23:30,0.998189
2012-07-11 07:33:30,0.999112
2012-07-11 07:43:30,0.999957
2012-07-11 07:53:30,1.00074
2012-07-11 08:03:30,1.00148
2012-07-11 08:13:30,1.00216
2012-07-11 08:23:30,1.00281
2012-07-11 08:33:31,1.00342
2012-07-11 08:43:31,1.00399
2012-07-11 08:53:31,1.00454
2012-07-11 09:03:31,1.00505
2012-07-11 09:13:31,1.00554
2012-07-11 09:23:31,1.00599
2012-07-11 09:33:31,1.00642
2012-07-11 09:43:31,1.00683
2012-07-11 09:53:32,1.00721
2012-07-11 10:03:31,1.00759
2012-07-11 10:13:31,1.00795
2012-07-11 10:23:31,1.0083
2012-07-11 10:33:31,1.00866
2012-07-11 10:43:31,1.00903
2012-07-11 10:53:31,1.00942
2012-07-11 11:03:30,1.00983
2012-07-11 11:13:30,1.01027
2012-07-11 11:23:30,1.01076
2012-07-11 11:33:30,1.0113
2012-07-11 11:43:30,1.0119
2012-07-11 11:53:30,1.01256
2012-07-11 12:03:30,1.0133
2012-07-11 12:13:29,1.01412
2012-07-11 12:23:29,1.01503
2012-07-11 12:33:29,1.01604
2012-07-11 12:43:29,1.01714
2012-07-11 12:53:29,1.01834
2012-07-11 13:03:29,1.01964
2012-07-11 13:13:29,1.02105
2012-07-11 13:23:29,1.02254
2012-07-11 13:33:29,1.02412
2012-07-11 13:43:29,1.02575
2012-07-11 13:53:29,1.02742
2012-07-11 14:03:29,1.02919
2012-07-11 14:13:28,1.03116
2012-07-11 14:23:28,1.03344
2012-07-11 14:33:28,1.0362
2012-07-11 14:43:28,1.03952
2012-07-11 14:53:28,1.04353
2012-07-11 15:03:28,1.04829
2012-07-11 15:13:28,1.0538
2012-07-11 15:23:28,1.06028
2012-07-11 15:33:28,1.06803
2012-07-11 15:43:28,1.07772
2012-07-11 15:53:28,1.0903
2012-07-11 16:03:28,1.1071
2012-07-11 16:13:28,1.13004
2012-07-11 16:23:28,1.16128
2012-07-11 16:33:27,1.20224
2012-07-11 16:43:27,1.25388
2012-07-11 16:53:27,1.31517
2012-07-11 17:03:27,1.38491
2012-07-11 17:13:27,1.46174
2012-07-11 17:23:27,1.54504
2012-07-11 17:33:27,1.63409
2012-07-11 17:43:27,1.72886
2012-07-11 17:53:27,1.83075
2012-07-11 18:03:27,1.94163
2012-07-11 18:13:27,2.06434
2012-07-11 18:23:27,2.20081
2012-07-11 18:33:27,2.35107
2012-07-11 18:43:27,2.51462
2012-07-11 18:53:26,2.68674
2012-07-11 19:03:26,2.86121
2012-07-11 19:13:26,3.03107
2012-07-11 19:23:26,3.19016
2012-07-11 19:33:26,3.33452
2012-07-11 19:43:26,3.46158
2012-07-11 19:53:26,3.57018
2012-07-11 20:03:26,3.66212
2012-07-11 20:13:26,3.73487
2012-07-11 20:23:26,3.78478
2012-07-11 20:33:26,3.82302
2012-07-11 20:43:26,3.84865
2012-07-11 20:53:26,3.86134
2012-07-11 21:03:26,3.86004
2012-07-11 21:13:26,3.84396
2012-07-11 21:23:26,3.81426
2012-07-11 21:33:26,3.77285
2012-07-11 21:43:26,3.72251
2012-07-11 21:53:26,3.66742
2012-07-11 22:03:26,3.60918
2012-07-11 22:13:26,3.54952
2012-07-11 22:23:26,3.48994
2012-07-11 22:33:26,3.43213
2012-07-11 22:43:26,3.37765
2012-07-11 22:53:26,3.32719
2012-07-11 23:03:26,3.28046
2012-07-11 23:13:26,3.23646
2012-07-11 23:23:26,3.19464
2012-07-11 23:33:25,3.15477
2012-07-11 23:43:25,3.11686
2012-07-11 23:53:25,3.08107
2012-07-12 00:03:25,3.04724
2012-07-12 00:13:25,3.01502
2012-07-12 00:23:25,2.9838
2012-07-12 00:33:25,2.95306
2012-07-12 00:43:25,2.92234
2012-07-12 00:53:24,2.89138
2012-07-12 01:03:24,2.86041
2012-07-12 01:13:24,2.82773
2012-07-12 01:23:24,2.78672
2012-07-12 01:33:24,2.74684
2012-07-12 01:43:24,2.70829
2012-07-12 01:53:24,2.67112
2012-07-12 02:03:23,2.6353
2012-07-12 02:13:23,2.60057
2012-07-12 02:23:23,2.56694
2012-07-12 02:33:23,2.53444
2012-07-12 02:43:23,2.50321
2012-07-12 02:53:23,2.47329
2012-07-12 03:03:22,2.44462
2012-07-12 03:13:22,2.41707
2012-07-12 03:23:22,2.39041
2012-07-12 03:33:22,2.36447
2012-07-12 03:43:22,2.33915
2012-07-12 03:53:22,2.31429
2012-07-12 04:03:21,2.2899
2012-07-12 04:13:21,2.2659
2012-07-12 04:23:21,2.24232
2012-07-12 04:33:21,2.21923
2012-07-12 04:43:21,2.19655
2012-07-12 04:53:20,2.17423
2012-07-12 05:03:20,2.15213
2012-07-12 05:13:20,2.13015
2012-07-12 05:23:20,2.10822
2012-07-12 05:33:20,2.0864
2012-07-12 05:43:20,2.06476
2012-07-12 05:53:20,2.04335
2012-07-12 06:03:20,2.02227
2012-07-12 06:13:19,2.00157
2012-07-12 06:23:19,1.98123
2012-07-12 06:33:19,1.96125
2012-07-12 06:43:19,1.94163
2012-07-12 06:53:19,1.92232
2012-07-12 07:03:19,1.90329
2012-07-12 07:13:19,1.88457
2012-07-12 07:23:19,1.86608
2012-07-12 07:33:19,1.84785
2012-07-12 07:43:19,1.82995
2012-07-12 07:53:19,1.81245
2012-07-12 08:03:19,1.79538
2012-07-12 08:13:19,1.77882
2012-07-12 08:23:19,1.76278
2012-07-12 08:33:19,1.74718
2012-07-12 08:43:19,1.73197
2012-07-12 08:53:19,1.71704
2012-07-12 09:03:19,1.70233
2012-07-12 09:13:19,1.68778
2012-07-12 09:23:19,1.67333
2012-07-12 09:33:19,1.65897
2012-07-12 09:43:19,1.64468
2012-07-12 09:53:19,1.63044
2012-07-12 10:03:19,1.6163
2012-07-12 10:13:19,1.60224
2012-07-12 10:23:19,1.58826
2012-07-12 10:33:18,1.57439
2012-07-12 10:43:18,1.56064
2012-07-12 10:53:18,1.54701
2012-07-12 11:03:18,1.5335
2012-07-12 11:13:18,1.52012
2012-07-12 11:23:18,1.50688
2012-07-12 11:33:18,1.49378
2012-07-12 11:43:18,1.48082
2012-07-12 11:53:17,1.46799
2012-07-12 12:03:17,1.45528
2012-07-12 12:13:17,1.44268
2012-07-12 12:23:17,1.43017
2012-07-12 12:33:17,1.41775
2012-07-12 12:43:17,1.40542
2012-07-12 12:53:17,1.39319
2012-07-12 13:03:16,1.38107
2012-07-12 13:13:16,1.36907
2012-07-12 13:23:16,1.35721
2012-07-12 13:33:16,1.3455
2012-07-12 13:43:16,1.33396
2012-07-12 13:53:17,1.32261
2012-07-12 14:03:17,1.31141
2012-07-12 14:13:17,1.30037
2012-07-12 14:23:17,1.28946
2012-07-12 14:33:17,1.27863
2012-07-12 14:43:17,1.26785
2012-07-12 14:53:18,1.25708
2012-07-12 15:03:18,1.2463
2012-07-12 15:13:18,1.2355
2012-07-12 15:23:19,1.22467
2012-07-12 15:33:19,1.2138
2012-07-12 15:43:19,1.20292
2012-07-12 15:53:20,1.19204
2012-07-12 16:03:20,1.18118
2012-07-12 16:13:20,1.17036
2012-07-12 16:23:21,1.1596
2012-07-12 16:33:21,1.14892
2012-07-12 16:43:21,1.13832
2012-07-12 16:53:22,1.12785
2012-07-12 17:03:22,1.11747
2012-07-12 17:13:22,1.10722
2012-07-12 17:23:23,1.09708
2012-07-12 17:33:23,1.08705
2012-07-12 17:43:23,1.07713
2012-07-12 17:53:23,1.06731
2012-07-12 18:03:24,1.05759
2012-07-12 18:13:24,1.04796
2012-07-12 18:23:24,1.0384
2012-07-12 18:33:24,1.02893
2012-07-12 18:43:25,1.01952
2012-07-12 18:53:25,1.01017
2012-07-12 19:03:25,1.00087
2012-07-12 19:13:25,0.991627
2012-07-12 19:23:25,0.982442
2012-07-12 19:33:26,0.973327
2012-07-12 19:43:26,0.964297
2012-07-12 19:53:26,0.955385
2012-07-12 20:03:26,0.946615
2012-07-12 20:13:26,0.938011
2012-07-12 20:23:26,0.92958
2012-07-12 20:33:27,0.919737
2012-07-12 20:43:27,0.910002
2012-07-12 20:53:27,0.900598
2012-07-12 21:03:27,0.891505
2012-07-12 21:13:27,0.882685
2012-07-12 21:23:28,0.874107
2012-07-12 21:33:28,0.865752
2012-07-12 21:43:28,0.857591
2012-07-12 21:53:29,0.84961
2012-07-12 22:03:29,0.8418
2012-07-12 22:13:29,0.834142
2012-07-12 22:23:29,0.826632
2012-07-12 22:33:30,0.819267
2012-07-12 22:43:30,0.812035
2012-07-12 22:53:30,0.804941
2012-07-12 23:03:31,0.797976
2012-07-12 23:13:31,0.791138
2012-07-12 23:23:31,0.784428
2012-07-12 23:33:31,0.777841
2012-07-12 23:43:32,0.771376
2012-07-12 23:53:32,0.765032
2012-07-13 00:03:32,0.758805
2012-07-13 00:13:32,0.752695
2012-07-13 00:23:32,0.746702
2012-07-13 00:33:32,0.740818
2012-07-13 00:43:32,0.735048
2012-07-13 00:53:32,0.729384
2012-07-13 01:03:32,0.723081
2012-07-13 01:13:32,0.716514
2012-07-13 01:23:32,0.710044
2012-07-13 01:33:32,0.703673
2012-07-13 01:43:32,0.697394
2012-07-13 01:53:33,0.691205
2012-07-13 02:03:33,0.685105
2012-07-13 02:13:33,0.679073
2012-07-13 02:23:33,0.673098
2012-07-13 02:33:33,0.667177
2012-07-13 02:43:33,0.661303
2012-07-13 02:53:33,0.655473
2012-07-13 03:03:33,0.649694
2012-07-13 03:13:33,0.643979
2012-07-13 03:23:33,0.638343
2012-07-13 03:33:33,0.6328
2012-07-13 03:43:13,0.627399
2012-07-13 03:53:18,0.622099
2012-07-13 04:02:59,0.61695
2012-07-13 04:13:00,0.611925
2012-07-13 04:23:02,0.607039
2012-07-13 04:33:00,0.602301
2012-07-13 04:43:00,0.597708
2012-07-13 04:53:00,0.593256
2012-07-13 05:02:58,0.588946
2012-07-13 05:12:58,0.584774
2012-07-13 05:22:58,0.580737
2012-07-13 05:32:58,0.576836
2012-07-13 05:42:58,0.573061
2012-07-13 05:52:56,0.569411
2012-07-13 06:02:58,0.565888
2012-07-13 06:12:57,0.562487
2012-07-13 06:22:56,0.559205
2012-07-13 06:32:59,0.556044
2012-07-13 06:43:00,0.552999
2012-07-13 06:53:01,0.550071
2012-07-13 07:03:02,0.547251
2012-07-13 07:13:02,0.54454
2012-07-13 07:23:04,0.541935
2012-07-13 07:33:08,0.539428
2012-07-13 07:43:10,0.53702
2012-07-13 07:53:12,0.534708
2012-07-13 08:03:14,0.532496
2012-07-13 08:13:14,0.530389
2012-07-13 08:23:14,0.528384
2012-07-13 08:33:13,0.526493
2012-07-13 08:43:14,0.524723
2012-07-13 08:53:13,0.523082
2012-07-13 09:03:15,0.521577
2012-07-13 09:13:19,0.520215
2012-07-13 09:23:18,0.519006
2012-07-13 09:33:21,0.517953
2012-07-13 09:43:21,0.517064
2012-07-13 09:53:18,0.516342
2012-07-13 10:03:15,0.515796
2012-07-13 10:13:12,0.515421
2012-07-13 10:23:09,0.515224
2012-07-13 10:33:06,0.515208
2012-07-13 10:43:03,0.515369
2012-07-13 10:53:01,0.51571
2012-07-13 11:02:58,0.516231
2012-07-13 11:12:55,0.516923
2012-07-13 11:22:53,0.51778
2012-07-13 11:32:51,0.518795
2012-07-13 11:42:48,0.519945
2012-07-13 11:52:46,0.521219
2012-07-13 12:03:57,0.522575
2012-07-13 12:13:54,0.524039
2012-07-13 12:23:51,0.525572
2012-07-13 12:33:48,0.527156
2012-07-13 12:43:45,0.528777
2012-07-13 12:53:42,0.530415
2012-07-13 13:03:39,0.532056
2012-07-13 13:13:37,0.533684
2012-07-13 13:23:34,0.535293
2012-07-13 13:33:31,0.53687
2012-07-13 13:43:29,0.538401
2012-07-13 13:53:26,0.539885
2012-07-13 14:03:23,0.541321
2012-07-13 14:13:21,0.542695
2012-07-13 14:23:18,0.544008
2012-07-13 14:33:16,0.545251
2012-07-13 14:43:14,0.546436
2012-07-13 14:53:11,0.547555
2012-07-13 15:03:09,0.548604
2012-07-13 15:13:07,0.549584
2012-07-13 15:23:05,0.550497
2012-07-13 15:33:03,0.551332
2012-07-13 15:43:11,0.552068
2012-07-13 15:53:44,0.552662
2012-07-13 16:02:54,0.553414
2012-07-13 16:13:01,0.553952
2012-07-13 16:22:46,0.55449
2012-07-13 16:33:36,0.554796
2012-07-13 16:43:45,0.555162
2012-07-13 16:53:46,0.555478
2012-07-13 17:03:14,0.555809
2012-07-13 17:13:50,0.555846
2012-07-13 17:23:39,0.55591
2012-07-13 17:33:17,0.55588
2012-07-13 17:43:33,0.555611
2012-07-13 17:53:46,0.555233
2012-07-13 18:03:59,0.55474
2012-07-13 18:13:32,0.554256
2012-07-13 18:23:47,0.553582
2012-07-13 18:33:27,0.552948
2012-07-13 18:43:47,0.552171
2012-07-13 18:53:33,0.551451
2012-07-13 19:03:57,0.550453
2012-07-13 19:13:49,0.549302
2012-07-13 19:23:43,0.540404
2012-07-13 19:33:40,0.507118
2012-07-13 19:43:40,0.462256
2012-07-13 19:53:42,0.997319
2012-07-13 20:03:45,3.40846
2012-07-13 20:13:51,9.0
2012-07-13 20:23:58,9.0
2012-07-13 20:33:30,9.0
2012-07-13 20:43:39,9.0
2012-07-13 20:53:49,9.0
2012-07-13 21:03:22,9.0
2012-07-13 21:13:32,9.0
2012-07-13 21:23:43,9.0
2012-07-13 21:33:54,9.0
2012-07-13 21:43:24,9.0
2012-07-13 21:53:35,9.0
2012-07-13 22:03:46,9.0
2012-07-13 22:13:58,9.0
2012-07-13 22:23:27,9.0
2012-07-13 22:33:40,9.0
2012-07-13 22:43:53,9.0
2012-07-13 22:53:19,9.0
2012-07-13 23:03:32,9.0
2012-07-13 23:13:46,9.0
2012-07-13 23:23:09,9.0
2012-07-13 23:33:22,9.0
2012-07-13 23:43:36,9.0
2012-07-13 23:53:50,9.0
2012-07-14 00:03:09,9.0
2012-07-14 00:13:22,9.0
2012-07-14 00:23:36,9.0
2012-07-14 00:33:49,9.0
2012-07-14 00:43:01,9.0
2012-07-14 00:53:13,9.0
2012-07-14 01:03:24,9.0
2012-07-14 01:13:36,9.0
2012-07-14 01:23:47,9.0
2012-07-14 01:33:59,9.0
2012-07-14 01:43:02,9.0
2012-07-14 01:53:12,9.0
2012-07-14 02:03:21,9.0
2012-07-14 02:13:31,9.0
2012-07-14 02:23:41,9.0
2012-07-14 02:33:51,9.0
2012-07-14 02:42:45,9.0
2012-07-14 02:52:53,9.0
2012-07-14 03:02:59,9.0
2012-07-14 03:13:46,9.0
2012-07-14 03:23:57,9.0
2012-07-14 03:33:34,9.0
2012-07-14 03:43:57,9.0
2012-07-14 03:53:47,9.0
2012-07-14 04:03:57,9.0
2012-07-14 04:13:46,9.0
2012-07-14 04:23:52,9.0
2012-07-14 04:33:52,8.8125
2012-07-14 04:43:58,8.41573
2012-07-14 04:53:55,8.13921
2012-07-14 05:03:57,7.9878
2012-07-14 05:13:51,7.98952
2012-07-14 05:23:55,8.14134
2012-07-14 05:33:56,8.4231
2012-07-14 05:43:55,8.78841
2012-07-14 05:53:49,9.0
2012-07-14 06:03:54,9.0
2012-07-14 06:13:56,9.0
2012-07-14 06:23:57,9.0
2012-07-14 06:33:56,9.0
2012-07-14 06:43:57,9.0
2012-07-14 06:53:58,9.0
2012-07-14 07:03:58,9.0
2012-07-14 07:13:58,9.0
2012-07-14 07:23:57,9.0
2012-07-14 07:33:54,9.0
2012-07-14 07:43:54,9.0
2012-07-14 07:53:55,9.0
2012-07-14 08:03:54,9.0
2012-07-14 08:13:52,9.0
2012-07-14 08:23:57,9.0
2012-07-14 08:33:56,9.0
2012-07-14 08:43:53,8.80605
2012-07-14 08:53:56,8.53656
2012-07-14 09:03:56,8.2678
2012-07-14 09:13:55,8.0054
2012-07-14 09:23:51,7.75037
2012-07-14 09:33:50,7.50128
2012-07-14 09:43:57,7.25426
2012-07-14 09:53:54,7.01268
2012-07-14 10:03:56,6.77926
2012-07-14 10:13:55,6.55491
2012-07-14 10:23:51,6.33947
2012-07-14 10:33:55,6.13185
2012-07-14 10:43:58,5.9308
2012-07-14 10:53:49,5.73683
2012-07-14 11:03:50,5.54972
2012-07-14 11:13:51,5.36861
2012-07-14 11:23:51,5.19499
2012-07-14 11:33:51,5.03068
2012-07-14 11:43:52,4.87223
2012-07-14 11:53:53,4.71537
2012-07-14 12:03:53,4.55962
2012-07-14 12:13:52,4.40629
2012-07-14 12:23:49,4.25678
2012-07-14 12:33:46,4.11108
2012-07-14 12:43:57,3.9692
2012-07-14 12:53:53,3.83161
2012-07-14 13:03:47,3.70108
2012-07-14 13:13:54,3.57349
2012-07-14 13:23:46,3.44856
2012-07-14 13:33:52,3.32778
2012-07-14 13:43:57,3.21313
2012-07-14 13:53:47,3.10522
2012-07-14 14:03:52,3.00339
2012-07-14 14:13:57,2.90698
2012-07-14 14:23:46,2.81559
2012-07-14 14:33:51,2.72863
2012-07-14 14:43:56,2.64587
2012-07-14 14:53:45,2.56694
2012-07-14 15:03:50,2.49098
2012-07-14 15:13:55,2.41778
2012-07-14 15:23:43,2.34758
2012-07-14 15:33:47,2.2806
2012-07-14 15:43:52,2.2171
2012-07-14 15:53:57,2.1572
2012-07-14 16:03:44,2.10188
2012-07-14 16:13:48,2.0516
2012-07-14 16:23:51,2.00766
2012-07-14 16:33:53,1.96857
2012-07-14 16:43:55,1.9349
2012-07-14 16:53:58,1.9062
2012-07-14 17:03:42,1.87993
2012-07-14 17:13:45,1.8552
2012-07-14 17:23:47,1.83374
2012-07-14 17:33:49,1.81758
2012-07-14 17:43:52,1.80883
2012-07-14 17:53:54,1.80552
2012-07-14 18:03:56,1.80267
2012-07-14 18:13:41,1.79809
2012-07-14 18:23:43,1.79027
2012-07-14 18:33:46,1.77831
2012-07-14 18:43:49,1.76115
2012-07-14 18:53:52,1.73868
2012-07-14 19:03:55,1.71259
2012-07-14 19:13:40,1.68444
2012-07-14 19:23:42,1.6556
2012-07-14 19:33:47,1.62542
2012-07-14 19:43:50,1.59322
2012-07-14 19:53:54,1.56278
2012-07-14 20:03:57,1.53681
2012-07-14 20:13:40,1.51471
2012-07-14 20:23:42,1.49452
2012-07-14 20:33:44,1.47402
2012-07-14 20:43:46,1.45147
2012-07-14 20:53:49,1.42682
2012-07-14 21:03:51,1.39888
2012-07-14 21:13:54,1.36835
2012-07-14 21:23:56,1.33659
2012-07-14 21:33:39,1.30358
2012-07-14 21:43:42,1.26975
2012-07-14 21:53:46,1.23632
2012-07-14 22:03:50,1.20368
2012-07-14 22:13:54,1.17155
2012-07-14 22:23:58,1.13996
2012-07-14 22:33:42,1.10915
2012-07-14 22:43:46,1.07941
2012-07-14 22:53:51,1.05095
2012-07-14 23:03:57,1.0237
2012-07-14 23:13:40,0.997613
2012-07-14 23:23:45,0.972726
2012-07-14 23:33:50,0.949011
2012-07-14 23:43:56,0.926445
2012-07-14 23:53:39,0.904863
2012-07-15 00:03:44,0.884284
2012-07-15 00:13:50,0.864592
2012-07-15 00:23:55,0.845071
2012-07-15 00:33:38,0.822873
2012-07-15 00:43:43,0.801237
2012-07-15 00:53:49,0.78048
2012-07-15 01:03:55,0.760883
2012-07-15 01:13:37,0.742775
2012-07-15 01:23:43,0.726105
2012-07-15 01:33:49,0.710194
2012-07-15 01:43:55,0.694297
2012-07-15 01:53:35,0.678653
2012-07-15 02:03:40,0.663139
2012-07-15 02:13:46,0.647969
2012-07-15 02:23:51,0.633166
2012-07-15 02:33:57,0.618715
2012-07-15 02:43:36,0.60474
2012-07-15 02:53:41,0.590927
2012-07-15 03:03:46,0.577435
2012-07-15 03:13:52,0.564219
2012-07-15 03:23:57,0.551211
2012-07-15 03:33:35,0.538562
2012-07-15 03:43:40,0.525988
2012-07-15 03:53:45,0.513646
2012-07-15 04:03:49,0.50153
2012-07-15 04:13:54,0.489618
2012-07-15 04:23:31,0.478039
2012-07-15 04:33:35,0.466434
2012-07-15 04:43:40,0.454949
2012-07-15 04:53:45,0.443602
2012-07-15 05:03:50,0.43242
2012-07-15 05:13:54,0.421438
2012-07-15 05:23:29,0.410835
2012-07-15 05:33:33,0.400334
2012-07-15 05:43:38,0.390133
2012-07-15 05:53:42,0.380261
2012-07-15 06:03:47,0.370731
2012-07-15 06:13:51,0.361567
2012-07-15 06:23:55,0.352765
2012-07-15 06:33:28,0.344457
2012-07-15 06:43:32,0.336385
2012-07-15 06:53:36,0.328667
2012-07-15 07:03:40,0.321311
2012-07-15 07:13:44,0.314322
2012-07-15 07:23:47,0.30769
2012-07-15 07:33:51,0.301416
2012-07-15 07:43:55,0.295502
2012-07-15 07:53:26,0.290033
2012-07-15 08:03:29,0.284804
2012-07-15 08:13:33,0.279879
2012-07-15 08:23:37,0.275242
2012-07-15 08:33:40,0.270877
2012-07-15 08:43:43,0.266758
2012-07-15 08:53:46,0.26287
2012-07-15 09:03:50,0.259213
2012-07-15 09:13:53,0.255781
2012-07-15 09:23:56,0.252588
2012-07-15 09:33:24,0.249685
2012-07-15 09:43:27,0.246959
2012-07-15 09:53:30,0.244444
2012-07-15 10:03:33,0.242111
2012-07-15 10:13:36,0.239947
2012-07-15 10:23:39,0.237958
2012-07-15 10:33:42,0.236144
2012-07-15 10:43:45,0.234506
2012-07-15 10:53:47,0.233023
2012-07-15 11:03:50,0.231683
2012-07-15 11:13:53,0.230473
2012-07-15 11:23:55,0.229373
2012-07-15 11:33:21,0.228366
2012-07-15 11:43:22,0.227443
2012-07-15 11:53:26,0.226597
2012-07-15 12:03:28,0.225823
2012-07-15 12:13:31,0.225122
2012-07-15 12:23:33,0.224497
2012-07-15 12:33:35,0.223941
2012-07-15 12:43:38,0.223451
2012-07-15 12:53:40,0.223019
2012-07-15 13:03:43,0.222644
2012-07-15 13:13:45,0.222313
2012-07-15 13:23:47,0.222021
2012-07-15 13:33:49,0.221756
2012-07-15 13:43:51,0.221515
2012-07-15 13:53:53,0.221283
2012-07-15 14:03:55,0.221054
2012-07-15 14:13:57,0.220817
2012-07-15 14:23:19,0.220493
2012-07-15 14:33:20,0.220196
2012-07-15 14:43:22,0.219843
2012-07-15 14:53:24,0.219431
2012-07-15 15:03:26,0.218962
2012-07-15 15:13:28,0.218457
2012-07-15 15:23:30,0.217941
2012-07-15 15:33:31,0.217426
2012-07-15 15:43:33,0.216908
2012-07-15 15:53:35,0.216382
2012-07-15 16:03:36,0.215853
2012-07-15 16:13:38,0.21533
2012-07-15 16:23:40,0.214796
2012-07-15 16:33:42,0.214227
2012-07-15 16:43:43,0.213616
2012-07-15 16:53:45,0.212965
2012-07-15 17:03:47,0.212263
2012-07-15 17:13:48,0.2115
2012-07-15 17:23:50,0.210685
2012-07-15 17:33:51,0.209816
2012-07-15 17:43:52,0.208901
2012-07-15 17:53:54,0.207943
2012-07-15 18:03:55,0.206935
2012-07-15 18:13:56,0.205878
2012-07-15 18:23:15,0.204663
2012-07-15 18:33:15,0.203498
2012-07-15 18:43:16,0.202274
2012-07-15 18:53:18,0.200996
2012-07-15 19:03:20,0.199665
2012-07-15 19:13:21,0.198275
2012-07-15 19:23:23,0.196829
2012-07-15 19:33:24,0.195329
2012-07-15 19:43:26,0.193781
2012-07-15 19:53:27,0.192186
2012-07-15 20:03:29,0.190545
2012-07-15 20:13:31,0.18886
2012-07-15 20:23:32,0.187132
2012-07-15 20:33:33,0.185359
2012-07-15 20:43:35,0.183551
2012-07-15 20:53:36,0.181702
2012-07-15 21:03:38,0.179814
2012-07-15 21:13:40,0.177885
2012-07-15 21:23:42,0.175518
2012-07-15 21:33:43,0.172761
2012-07-15 21:43:45,0.170144
2012-07-15 21:53:47,0.16767
2012-07-15 22:03:49,0.165334
2012-07-15 22:13:51,0.163124
2012-07-15 22:23:52,0.161026
2012-07-15 22:33:54,0.159035
2012-07-15 22:43:56,0.157149
2012-07-15 22:53:11,0.155371
2012-07-15 23:03:56,0.153693
2012-07-15 23:13:14,0.152112
2012-07-15 23:23:16,0.150643
2012-07-15 23:33:17,0.14928
2012-07-15 23:43:18,0.148023
2012-07-15 23:53:20,0.146871
2012-07-16 00:03:21,0.145636
2012-07-16 00:13:23,0.144021
2012-07-16 00:23:24,0.142454
2012-07-16 00:33:25,0.140932
2012-07-16 00:43:27,0.139457
2012-07-16 00:53:28,0.138036
2012-07-16 01:03:30,0.136669
2012-07-16 01:13:31,0.135354
2012-07-16 01:23:32,0.134089
2012-07-16 01:33:34,0.13287
2012-07-16 01:43:35,0.131698
2012-07-16 01:53:36,0.130573
2012-07-16 02:03:37,0.129492
2012-07-16 02:13:39,0.128452
2012-07-16 02:23:40,0.127453
2012-07-16 02:33:42,0.126484
2012-07-16 02:43:43,0.125547
2012-07-16 02:53:44,0.124644
2012-07-16 03:03:46,0.123774
2012-07-16 03:13:47,0.122935
2012-07-16 03:23:48,0.122124
2012-07-16 03:33:49,0.121347
2012-07-16 03:43:51,0.120606
2012-07-16 03:53:52,0.119916
2012-07-16 04:03:54,0.119282
2012-07-16 04:13:55,0.118705
2012-07-16 04:23:56,0.118182
2012-07-16 04:33:08,0.117729
2012-07-16 04:43:07,0.117297
2012-07-16 04:53:08,0.11691
2012-07-16 05:03:10,0.116565
2012-07-16 05:13:13,0.116263
2012-07-16 05:23:14,0.116001
2012-07-16 05:33:15,0.115779
2012-07-16 05:43:16,0.115599
2012-07-16 05:53:17,0.115462
2012-07-16 06:03:19,0.115367
2012-07-16 06:13:20,0.115314
2012-07-16 06:23:21,0.115303
2012-07-16 06:33:22,0.115336
2012-07-16 06:43:23,0.115411
2012-07-16 06:53:24,0.115527
2012-07-16 07:03:25,0.115683
2012-07-16 07:13:26,0.115878
2012-07-16 07:23:27,0.11611
2012-07-16 07:33:29,0.11638
2012-07-16 07:43:30,0.11668
2012-07-16 07:53:31,0.117003
2012-07-16 08:03:32,0.117339
2012-07-16 08:13:32,0.117681
2012-07-16 08:23:33,0.118031
2012-07-16 08:33:34,0.118389
2012-07-16 08:43:35,0.118757
2012-07-16 08:53:36,0.119135
2012-07-16 09:03:37,0.119525
2012-07-16 09:13:38,0.119927
2012-07-16 09:23:39,0.120346
2012-07-16 09:33:40,0.120782
2012-07-16 09:43:41,0.121244
2012-07-16 09:53:42,0.121739
2012-07-16 10:03:43,0.122265
2012-07-16 10:13:44,0.122821
2012-07-16 10:23:45,0.123391
2012-07-16 10:33:46,0.123968
2012-07-16 10:43:47,0.12455
2012-07-16 10:53:48,0.125132
2012-07-16 11:03:49,0.125705
2012-07-16 11:13:50,0.126263
2012-07-16 11:23:51,0.1268
2012-07-16 11:33:52,0.127313
2012-07-16 11:43:53,0.127798
2012-07-16 11:53:54,0.128251
2012-07-16 12:03:55,0.12867
2012-07-16 12:13:56,0.129053
2012-07-16 12:23:57,0.1294
2012-07-16 12:33:03,0.129729
2012-07-16 12:43:57,0.129979
2012-07-16 12:53:05,0.130231
2012-07-16 13:03:06,0.130418
2012-07-16 13:13:07,0.130567
2012-07-16 13:23:08,0.130676
2012-07-16 13:33:09,0.130743
2012-07-16 13:43:09,0.130774
2012-07-16 13:53:10,0.130772
2012-07-16 14:03:11,0.130739
2012-07-16 14:13:12,0.130677
2012-07-16 14:23:13,0.130598
2012-07-16 14:33:14,0.130502
2012-07-16 14:43:15,0.13039
2012-07-16 14:53:16,0.13026
2012-07-16 15:03:16,0.130112
2012-07-16 15:13:17,0.129943
2012-07-16 15:23:18,0.129757
2012-07-16 15:33:19,0.12955
2012-07-16 15:43:20,0.129323
2012-07-16 15:53:21,0.129079
2012-07-16 16:03:22,0.128821
2012-07-16 16:13:23,0.128546
2012-07-16 16:23:24,0.128246
2012-07-16 16:33:25,0.127932
2012-07-16 16:43:26,0.127613
2012-07-16 16:53:26,0.127293
2012-07-16 17:03:27,0.126981
2012-07-16 17:13:28,0.126686
2012-07-16 17:23:29,0.126398
2012-07-16 17:33:30,0.126112
2012-07-16 17:43:31,0.125827
2012-07-16 17:53:31,0.125542
2012-07-16 18:03:32,0.125259
2012-07-16 18:13:33,0.124981
2012-07-16 18:23:34,0.124711
2012-07-16 18:33:35,0.124449
2012-07-16 18:43:36,0.124199
2012-07-16 18:53:37,0.123964
2012-07-16 19:03:38,0.123746
2012-07-16 19:13:39,0.123546
2012-07-16 19:23:40,0.123364
2012-07-16 19:33:41,0.123198
2012-07-16 19:43:42,0.123049
2012-07-16 19:53:44,0.122919
2012-07-16 20:03:45,0.122801
2012-07-16 20:13:46,0.122693
2012-07-16 20:23:48,0.122593
2012-07-16 20:33:49,0.122518
2012-07-16 20:43:51,0.122461
2012-07-16 20:53:52,0.122423
2012-07-16 21:03:54,0.122402
2012-07-16 21:13:56,0.122399
2012-07-16 21:22:58,0.122418
2012-07-16 21:32:58,0.122437
2012-07-16 21:42:59,0.122467
2012-07-16 21:53:03,0.122578
2012-07-16 22:03:05,0.122759
2012-07-16 22:13:08,0.122934
2012-07-16 22:23:10,0.123103
2012-07-16 22:33:13,0.123262
2012-07-16 22:43:16,0.123415
2012-07-16 22:53:19,0.123562
2012-07-16 23:03:21,0.123701
2012-07-16 23:13:22,0.123828
2012-07-16 23:23:23,0.123945
2012-07-16 23:33:24,0.124096
2012-07-16 23:43:25,0.124386
2012-07-16 23:53:26,0.124702
2012-07-17 00:03:27,0.125048
2012-07-17 00:13:27,0.125424
2012-07-17 00:23:28,0.125832
2012-07-17 00:33:29,0.126276
2012-07-17 00:43:30,0.126757
2012-07-17 00:53:31,0.127277
2012-07-17 01:03:32,0.127835
2012-07-17 01:13:33,0.128436
2012-07-17 01:23:34,0.12908
2012-07-17 01:33:35,0.129767
2012-07-17 01:43:36,0.130497
2012-07-17 01:53:36,0.131272
2012-07-17 02:03:37,0.132096
2012-07-17 02:13:38,0.132971
2012-07-17 02:23:39,0.133897
2012-07-17 02:33:40,0.134879
2012-07-17 02:43:41,0.135917
2012-07-17 02:53:42,0.137015
2012-07-17 03:03:43,0.138173
2012-07-17 03:13:44,0.139394
2012-07-17 03:23:45,0.14068
2012-07-17 03:33:46,0.142032
2012-07-17 03:43:47,0.143454
2012-07-17 03:53:48,0.144944
2012-07-17 04:03:49,0.1465
2012-07-17 04:13:50,0.14812
2012-07-17 04:23:51,0.149806
2012-07-17 04:33:52,0.151557
2012-07-17 04:43:53,0.153372
2012-07-17 04:53:55,0.155254
2012-07-17 05:03:56,0.157201
2012-07-17 05:12:50,0.15909
2012-07-17 05:23:55,0.16129
2012-07-17 05:32:52,0.163313
2012-07-17 05:42:52,0.165518
2012-07-17 05:52:54,0.167788
2012-07-17 06:02:55,0.170115
2012-07-17 06:12:56,0.172497
2012-07-17 06:22:57,0.174934
2012-07-17 06:32:58,0.177422
2012-07-17 06:42:59,0.179956
2012-07-17 06:53:00,0.182533
2012-07-17 07:03:01,0.185145
2012-07-17 07:13:02,0.187789
2012-07-17 07:23:03,0.190461
2012-07-17 07:33:03,0.193154
2012-07-17 07:43:04,0.195871
2012-07-17 07:53:06,0.198609
2012-07-17 08:03:07,0.20136
2012-07-17 08:13:07,0.204118
2012-07-17 08:23:08,0.206884
2012-07-17 08:33:10,0.209657
2012-07-17 08:43:11,0.212431
2012-07-17 08:53:12,0.215208
2012-07-17 09:03:13,0.217982
2012-07-17 09:13:14,0.220753
2012-07-17 09:23:15,0.223514
2012-07-17 09:33:16,0.226261
2012-07-17 09:43:17,0.228992
2012-07-17 09:53:18,0.231707
2012-07-17 10:03:19,0.234402
2012-07-17 10:13:20,0.237072
2012-07-17 10:23:21,0.239714
2012-07-17 10:33:22,0.242322
2012-07-17 10:43:23,0.244893
2012-07-17 10:53:24,0.24743
2012-07-17 11:03:25,0.249934
2012-07-17 11:13:26,0.252402
2012-07-17 11:23:27,0.254831
2012-07-17 11:33:29,0.257223
2012-07-17 11:43:30,0.259578
2012-07-17 11:53:31,0.261899
2012-07-17 12:03:32,0.264191
2012-07-17 12:13:33,0.266448
2012-07-17 12:23:34,0.268665
2012-07-17 12:33:35,0.270837
2012-07-17 12:43:36,0.272958
2012-07-17 12:53:37,0.275026
2012-07-17 13:03:38,0.277036
2012-07-17 13:13:39,0.278987
2012-07-17 13:23:40,0.280871
2012-07-17 13:33:41,0.28268
2012-07-17 13:43:42,0.284411
2012-07-17 13:53:43,0.286062
2012-07-17 14:03:44,0.287629
2012-07-17 14:13:45,0.289107
2012-07-17 14:23:46,0.290503
2012-07-17 14:33:47,0.291814
2012-07-17 14:43:48,0.293048
2012-07-17 14:53:49,0.294196
2012-07-17 15:03:50,0.295268
2012-07-17 15:13:51,0.296277
2012-07-17 15:23:52,0.297226
2012-07-17 15:33:53,0.298112
2012-07-17 15:43:55,0.298942
2012-07-17 15:52:41,0.299931
2012-07-17 16:03:53,0.300448
2012-07-17 16:12:43,0.301369
2012-07-17 16:22:42,0.302024
2012-07-17 16:32:43,0.302617
2012-07-17 16:42:44,0.303144
2012-07-17 16:52:47,0.303573
2012-07-17 17:02:48,0.303922
2012-07-17 17:12:49,0.304165
2012-07-17 17:22:51,0.304292
2012-07-17 17:32:52,0.304313
2012-07-17 17:42:53,0.304223
2012-07-17 17:52:54,0.304015
2012-07-17 18:02:56,0.303687
2012-07-17 18:12:57,0.303251
2012-07-17 18:22:58,0.30272
2012-07-17 18:32:59,0.302103
2012-07-17 18:43:00,0.301405
2012-07-17 18:53:01,0.30065
2012-07-17 19:03:02,0.299852
2012-07-17 19:13:03,0.299031
2012-07-17 19:23:04,0.298207
2012-07-17 19:33:06,0.297395
2012-07-17 19:43:07,0.296598
2012-07-17 19:53:08,0.295819
2012-07-17 20:03:09,0.295059
2012-07-17 20:13:10,0.294336
2012-07-17 20:23:11,0.293643
2012-07-17 20:33:12,0.292975
2012-07-17 20:43:13,0.292326
2012-07-17 20:53:14,0.291692
2012-07-17 21:03:15,0.291078
2012-07-17 21:13:15,0.290471
2012-07-17 21:23:16,0.289866
2012-07-17 21:33:17,0.289274
2012-07-17 21:43:18,0.288706
2012-07-17 21:53:19,0.288177
2012-07-17 22:03:20,0.287702
2012-07-17 22:13:21,0.287288
2012-07-17 22:23:22,0.286948
2012-07-17 22:33:22,0.286685
2012-07-17 22:43:23,0.286511
2012-07-17 22:53:24,0.286418
2012-07-17 23:03:25,0.286404
2012-07-17 23:13:26,0.28646
2012-07-17 23:23:27,0.286591
2012-07-17 23:33:27,0.286798
2012-07-17 23:43:28,0.287079
2012-07-17 23:53:29,0.28744
2012-07-18 00:03:30,0.287882
2012-07-18 00:13:31,0.288398
2012-07-18 00:23:32,0.288976
2012-07-18 00:33:32,0.289621
2012-07-18 00:43:33,0.290335
2012-07-18 00:53:34,0.291111
2012-07-18 01:03:35,0.291974
2012-07-18 01:13:36,0.292977
2012-07-18 01:23:36,0.294175
2012-07-18 01:33:36,0.295573
2012-07-18 01:43:37,0.297202
2012-07-18 01:53:37,0.299101
2012-07-18 02:03:38,0.30131
2012-07-18 02:13:38,0.30384
2012-07-18 02:23:39,0.306687
2012-07-18 02:33:39,0.309898
2012-07-18 02:43:40,0.313534
2012-07-18 02:53:41,0.317569
2012-07-18 03:03:41,0.321965
2012-07-18 03:13:42,0.326711
2012-07-18 03:23:42,0.331825
2012-07-18 03:33:43,0.337322
2012-07-18 03:43:44,0.34314
2012-07-18 03:53:44,0.3493
2012-07-18 04:03:45,0.35589
2012-07-18 04:13:45,0.362978
2012-07-18 04:23:46,0.370637
2012-07-18 04:33:47,0.378923
2012-07-18 04:43:48,0.387921
2012-07-18 04:53:49,0.39773
2012-07-18 05:03:50,0.408386
2012-07-18 05:13:51,0.419968
2012-07-18 05:23:52,0.432462
2012-07-18 05:33:53,0.44579
2012-07-18 05:43:55,0.459929
2012-07-18 05:52:31,0.474407
2012-07-18 06:02:30,0.490045
2012-07-18 06:12:30,0.506443
2012-07-18 06:22:33,0.523646
2012-07-18 06:32:38,0.541618
2012-07-18 06:42:40,0.560527
2012-07-18 06:52:43,0.580396
2012-07-18 07:02:45,0.60119
2012-07-18 07:12:47,0.62289
2012-07-18 07:22:49,0.645417
2012-07-18 07:32:51,0.668652
2012-07-18 07:42:52,0.692413
2012-07-18 07:52:52,0.71651
2012-07-18 08:02:52,0.74078
2012-07-18 08:12:52,0.765022
2012-07-18 08:22:52,0.789027
2012-07-18 08:32:52,0.812605
2012-07-18 08:42:52,0.835595
2012-07-18 08:52:53,0.857926
2012-07-18 09:02:53,0.879429
2012-07-18 09:12:53,0.899942
2012-07-18 09:22:53,0.919323
2012-07-18 09:32:53,0.937536
2012-07-18 09:42:53,0.954549
2012-07-18 09:52:53,0.970305
2012-07-18 10:02:53,0.984701
2012-07-18 10:12:53,0.997708
2012-07-18 10:22:54,1.00932
2012-07-18 10:32:54,1.01959
2012-07-18 10:42:54,1.02853
2012-07-18 10:52:54,1.03618
2012-07-18 11:02:54,1.0426
2012-07-18 11:12:54,1.04788
2012-07-18 11:22:54,1.05218
2012-07-18 11:32:54,1.05558
2012-07-18 11:42:54,1.05816
2012-07-18 11:52:54,1.06003
2012-07-18 12:02:55,1.06127
2012-07-18 12:12:55,1.06199
2012-07-18 12:22:55,1.06223
2012-07-18 12:32:55,1.06203
2012-07-18 12:42:55,1.0614
2012-07-18 12:52:55,1.06035
2012-07-18 13:02:55,1.0589
2012-07-18 13:12:55,1.05707
2012-07-18 13:22:55,1.05489
2012-07-18 13:32:55,1.05238
2012-07-18 13:42:56,1.04952
2012-07-18 13:52:56,1.04634
2012-07-18 14:02:56,1.04284
2012-07-18 14:12:56,1.03906
2012-07-18 14:22:56,1.03498
2012-07-18 14:32:56,1.03061
2012-07-18 14:42:56,1.02596
2012-07-18 14:52:56,1.0211
2012-07-18 15:02:56,1.01609
2012-07-18 15:12:56,1.01096
2012-07-18 15:22:56,1.00575
2012-07-18 15:32:57,1.00046
2012-07-18 15:42:57,0.99511
2012-07-18 15:52:57,0.989677
2012-07-18 16:02:57,0.984086
2012-07-18 16:12:57,0.978281
2012-07-18 16:22:57,0.972216
2012-07-18 16:32:57,0.965848
2012-07-18 16:42:57,0.959156
2012-07-18 16:52:57,0.952149
2012-07-18 17:02:57,0.944841
2012-07-18 17:12:57,0.937285
2012-07-18 17:22:58,0.929532
2012-07-18 17:32:58,0.921667
2012-07-18 17:42:58,0.913747
2012-07-18 17:52:58,0.905842
2012-07-18 18:02:58,0.898001
2012-07-18 18:12:58,0.89027
2012-07-18 18:22:58,0.882694
2012-07-18 18:32:58,0.87529
2012-07-18 18:42:58,0.86807
2012-07-18 18:52:58,0.861049
2012-07-18 19:02:58,0.854244
2012-07-18 19:12:59,0.847654
2012-07-18 19:22:59,0.841292
2012-07-18 19:32:59,0.835157
2012-07-18 19:42:59,0.829259
2012-07-18 19:52:59,0.823595
2012-07-18 20:02:59,0.81817
2012-07-18 20:12:59,0.812972
2012-07-18 20:22:59,0.807994
2012-07-18 20:32:59,0.803228
2012-07-18 20:42:59,0.798668
2012-07-18 20:52:59,0.794318
2012-07-18 21:02:59,0.790161
2012-07-18 21:12:59,0.786197
2012-07-18 21:22:59,0.78242
2012-07-18 21:32:59,0.778836
2012-07-18 21:42:59,0.775448
2012-07-18 21:52:59,0.77225
2012-07-18 22:03:00,0.769241
2012-07-18 22:13:00,0.766427
2012-07-18 22:23:00,0.763812
2012-07-18 22:33:00,0.761393
2012-07-18 22:43:00,0.75917
2012-07-18 22:53:00,0.757128
2012-07-18 23:03:00,0.755294
2012-07-18 23:13:00,0.753667
2012-07-18 23:23:00,0.752234
2012-07-18 23:33:00,0.750989
2012-07-18 23:43:00,0.749917
2012-07-18 23:53:00,0.748997
2012-07-19 00:03:00,0.748215
2012-07-19 00:13:00,0.74753
2012-07-19 00:23:00,0.746929
2012-07-19 00:33:00,0.746403
2012-07-19 00:43:00,0.745942
2012-07-19 00:53:00,0.745549
2012-07-19 01:03:00,0.745239
2012-07-19 01:13:00,0.74502
2012-07-19 01:23:00,0.744912
2012-07-19 01:33:00,0.744921
2012-07-19 01:43:00,0.745066
2012-07-19 01:53:00,0.745345
2012-07-19 02:03:00,0.745764
2012-07-19 02:13:00,0.74632
2012-07-19 02:22:59,0.747013
2012-07-19 02:32:59,0.747828
2012-07-19 02:42:59,0.748761
2012-07-19 02:52:59,0.749796
2012-07-19 03:02:59,0.750922
2012-07-19 03:12:59,0.752125
2012-07-19 03:22:59,0.753392
2012-07-19 03:32:59,0.754705
2012-07-19 03:42:59,0.756058
2012-07-19 03:52:59,0.757433
2012-07-19 04:02:59,0.758831
2012-07-19 04:12:59,0.760243
2012-07-19 04:22:59,0.761665
2012-07-19 04:32:59,0.763095
2012-07-19 04:42:58,0.764532
2012-07-19 04:52:58,0.76598
2012-07-19 05:02:58,0.767431
2012-07-19 05:12:58,0.768894
2012-07-19 05:22:58,0.770371
2012-07-19 05:32:58,0.771852
2012-07-19 05:42:58,0.77335
2012-07-19 05:52:58,0.774863
2012-07-19 06:02:57,0.776387
2012-07-19 06:12:57,0.77793
2012-07-19 06:22:57,0.779481
2012-07-19 06:32:57,0.781046
2012-07-19 06:42:57,0.782611
2012-07-19 06:52:56,0.784177
2012-07-19 07:02:56,0.785735
2012-07-19 07:12:56,0.787283
2012-07-19 07:22:56,0.788811
2012-07-19 07:32:56,0.790313
2012-07-19 07:42:55,0.791784
2012-07-19 07:52:55,0.793224
2012-07-19 08:02:55,0.794629
2012-07-19 08:12:55,0.795991
2012-07-19 08:22:55,0.797311
2012-07-19 08:32:54,0.798583
2012-07-19 08:42:54,0.79981
2012-07-19 08:52:54,0.80099
2012-07-19 09:02:54,0.802113
2012-07-19 09:12:54,0.80319
2012-07-19 09:22:53,0.804208
2012-07-19 09:32:53,0.805174
2012-07-19 09:42:53,0.806084
2012-07-19 09:52:53,0.806936
2012-07-19 10:02:52,0.807725
2012-07-19 10:12:52,0.808459
2012-07-19 10:22:52,0.809131
2012-07-19 10:32:52,0.809737
2012-07-19 10:42:52,0.810283
2012-07-19 10:52:51,0.810763
2012-07-19 11:02:51,0.811183
2012-07-19 11:12:51,0.811533
2012-07-19 11:22:51,0.81182
2012-07-19 11:32:50,0.812037
2012-07-19 11:42:50,0.81219
2012-07-19 11:52:50,0.812276
2012-07-19 12:02:50,0.81229
2012-07-19 12:12:49,0.812237
2012-07-19 12:22:49,0.812114
2012-07-19 12:32:49,0.811928
2012-07-19 12:42:49,0.811664
2012-07-19 12:52:48,0.811337
2012-07-19 13:02:48,0.810943
2012-07-19 13:12:48,0.810482
2012-07-19 13:22:48,0.809956
2012-07-19 13:32:47,0.809366
2012-07-19 13:42:47,0.808713
2012-07-19 13:52:47,0.808004
2012-07-19 14:02:47,0.807232
2012-07-19 14:12:46,0.806408
2012-07-19 14:22:46,0.80553
2012-07-19 14:32:46,0.804604
2012-07-19 14:42:45,0.803631
2012-07-19 14:52:45,0.802615
2012-07-19 15:02:45,0.801556
2012-07-19 15:12:45,0.800457
2012-07-19 15:22:44,0.799332
2012-07-19 15:32:44,0.798167
2012-07-19 15:42:44,0.796981
2012-07-19 15:52:43,0.79577
2012-07-19 16:02:43,0.794539
2012-07-19 16:12:43,0.793288
2012-07-19 16:22:43,0.792031
2012-07-19 16:32:42,0.790765
2012-07-19 16:42:42,0.789488
2012-07-19 16:52:42,0.788216
2012-07-19 17:02:42,0.786942
2012-07-19 17:12:41,0.785679
2012-07-19 17:22:41,0.784422
2012-07-19 17:32:41,0.783183
2012-07-19 17:42:41,0.781959
2012-07-19 17:52:40,0.780753
2012-07-19 18:02:40,0.779577
2012-07-19 18:12:40,0.778424
2012-07-19 18:22:40,0.777299
2012-07-19 18:32:39,0.776211
2012-07-19 18:42:39,0.775158
2012-07-19 18:52:39,0.77414
2012-07-19 19:02:38,0.773167
2012-07-19 19:12:38,0.772232
2012-07-19 19:22:38,0.771344
2012-07-19 19:32:38,0.7705
2012-07-19 19:42:37,0.769703
2012-07-19 19:52:37,0.768955
2012-07-19 20:02:37,0.768255
2012-07-19 20:12:37,0.767603
2012-07-19 20:22:36,0.767007
2012-07-19 20:32:36,0.76646
2012-07-19 20:42:36,0.765964
2012-07-19 20:52:35,0.765525
2012-07-19 21:02:35,0.765137
2012-07-19 21:12:35,0.764801
2012-07-19 21:22:34,0.764519
2012-07-19 21:32:34,0.764287
2012-07-19 21:42:34,0.764109
2012-07-19 21:52:34,0.763987
2012-07-19 22:02:33,0.763916
2012-07-19 22:12:32,0.763895
2012-07-19 22:22:31,0.76393
2012-07-19 22:32:30,0.764008
2012-07-19 22:43:54,0.764145
2012-07-19 22:52:32,0.764322
2012-07-19 23:02:30,0.76455
2012-07-19 23:13:53,0.76485
2012-07-19 23:22:31,0.765152
2012-07-19 23:33:53,0.765558
2012-07-19 23:42:31,0.765937
2012-07-19 23:53:52,0.766443
2012-07-20 00:02:30,0.766893
2012-07-20 00:13:51,0.767496
2012-07-20 00:22:30,0.768017
2012-07-20 00:33:50,0.768711
2012-07-20 00:42:30,0.769305
2012-07-20 00:53:49,0.770086
2012-07-20 01:02:29,0.770745
2012-07-20 01:13:49,0.771614
2012-07-20 01:22:29,0.772339
2012-07-20 01:33:48,0.773296
2012-07-20 01:43:53,0.774196
2012-07-20 01:53:53,0.775134
2012-07-20 02:03:53,0.776106
2012-07-20 02:13:53,0.777122
2012-07-20 02:23:53,0.778172
2012-07-20 02:33:53,0.779262
2012-07-20 02:43:53,0.780392
2012-07-20 02:53:53,0.781561
2012-07-20 03:03:53,0.782768
2012-07-20 03:13:52,0.784011
2012-07-20 03:23:52,0.785287
2012-07-20 03:33:52,0.786599
2012-07-20 03:43:52,0.787945
2012-07-20 03:53:52,0.78932
2012-07-20 04:03:52,0.790727
2012-07-20 04:13:52,0.792156
2012-07-20 04:23:52,0.793615
2012-07-20 04:33:52,0.795091
2012-07-20 04:43:52,0.796584
2012-07-20 04:53:52,0.798099
2012-07-20 05:03:52,0.79963
2012-07-20 05:13:53,0.801171
2012-07-20 05:23:53,0.802721
2012-07-20 05:33:53,0.804279
2012-07-20 05:43:53,0.805847
